Support Library,AndroidX
android.support.constraint.ConstraintAttribute,androidx.constraintlayout.widget.ConstraintAttribute
android.support.constraint.ConstraintLayoutStates,androidx.constraintlayout.widget.ConstraintLayoutStates
android.support.constraint.ConstraintProperties,androidx.constraintlayout.widget.ConstraintProperties
android.support.constraint.ConstraintsChangedListener,androidx.constraintlayout.widget.ConstraintsChangedListener
android.support.constraint.helper.Flow,androidx.constraintlayout.helper.widget.Flow
android.support.constraint.helper.Layer,androidx.constraintlayout.helper.widget.Layer
android.support.constraint.motion.Animatable,androidx.constraintlayout.motion.widget.Animatable
android.support.constraint.motion.CustomFloatAttributes,androidx.constraintlayout.motion.widget.CustomFloatAttributes
android.support.constraint.motion.Debug,androidx.constraintlayout.motion.widget.Debug
android.support.constraint.motion.DesignTool,androidx.constraintlayout.motion.widget.DesignTool
android.support.constraint.motion.Key,androidx.constraintlayout.motion.widget.Key
android.support.constraint.motion.KeyAttributes,androidx.constraintlayout.motion.widget.KeyAttributes
android.support.constraint.motion.KeyCache,androidx.constraintlayout.core.motion.utils.KeyCache
android.support.constraint.motion.KeyCycle,androidx.constraintlayout.motion.widget.KeyCycle
android.support.constraint.motion.KeyCycleOscillator,androidx.constraintlayout.core.motion.utils.KeyCycleOscillator
android.support.constraint.motion.KeyFrames,androidx.constraintlayout.motion.widget.KeyFrames
android.support.constraint.motion.KeyPosition,androidx.constraintlayout.motion.widget.KeyPosition
android.support.constraint.motion.KeyPositionBase,androidx.constraintlayout.motion.widget.KeyPositionBase
android.support.constraint.motion.KeyTimeCycle,androidx.constraintlayout.motion.widget.KeyTimeCycle
android.support.constraint.motion.KeyTrigger,androidx.constraintlayout.motion.widget.KeyTrigger
android.support.constraint.motion.MotionConstrainedPoint,androidx.constraintlayout.motion.widget.MotionConstrainedPoint
android.support.constraint.motion.MotionController,androidx.constraintlayout.motion.widget.MotionController
android.support.constraint.motion.MotionHelper,androidx.constraintlayout.motion.widget.MotionHelper
android.support.constraint.motion.MotionInterpolator,androidx.constraintlayout.motion.widget.MotionInterpolator
android.support.constraint.motion.MotionLayout,androidx.constraintlayout.motion.widget.MotionLayout
android.support.constraint.motion.MotionPaths,androidx.constraintlayout.motion.widget.MotionPaths
android.support.constraint.motion.MotionScene,androidx.constraintlayout.motion.widget.MotionScene
android.support.constraint.motion.ProxyInterface,androidx.constraintlayout.motion.widget.ProxyInterface
android.support.constraint.motion.SplineSet,androidx.constraintlayout.core.motion.utils.SplineSet
android.support.constraint.motion.TimeCycleSplineSet,androidx.constraintlayout.core.motion.utils.TimeCycleSplineSet
android.support.constraint.motion.TouchResponse,androidx.constraintlayout.motion.widget.TouchResponse
android.support.constraint.motion.TransitionAdapter,androidx.constraintlayout.motion.widget.TransitionAdapter
android.support.constraint.motion.TransitionBuilder,androidx.constraintlayout.motion.widget.TransitionBuilder
android.support.constraint.motion.utils.ArcCurveFit,androidx.constraintlayout.core.motion.utils.ArcCurveFit
android.support.constraint.motion.utils.CurveFit,androidx.constraintlayout.core.motion.utils.CurveFit
android.support.constraint.motion.utils.Easing,androidx.constraintlayout.core.motion.utils.Easing
android.support.constraint.motion.utils.HyperSpline,androidx.constraintlayout.core.motion.utils.HyperSpline
android.support.constraint.motion.utils.LinearCurveFit,androidx.constraintlayout.core.motion.utils.LinearCurveFit
android.support.constraint.motion.utils.MonotonicCurveFit,androidx.constraintlayout.core.motion.utils.MonotonicCurveFit
android.support.constraint.motion.utils.Oscillator,androidx.constraintlayout.core.motion.utils.Oscillator
android.support.constraint.motion.utils.StopLogic,androidx.constraintlayout.motion.utils.StopLogic
android.support.constraint.motion.utils.VelocityMatrix,androidx.constraintlayout.core.motion.utils.VelocityMatrix
android.support.constraint.solver.PriorityGoalRow,androidx.constraintlayout.solver.PriorityGoalRow
android.support.constraint.solver.SolverVariableValues,androidx.constraintlayout.solver.SolverVariableValues
android.support.constraint.solver.state.ConstraintReference,androidx.constraintlayout.solver.state.ConstraintReference
android.support.constraint.solver.state.Dimension,androidx.constraintlayout.solver.state.Dimension
android.support.constraint.solver.state.HelperReference,androidx.constraintlayout.solver.state.HelperReference
android.support.constraint.solver.state.helpers.AlignHorizontallyReference,androidx.constraintlayout.solver.state.helpers.AlignHorizontallyReference
android.support.constraint.solver.state.helpers.AlignVerticallyReference,androidx.constraintlayout.solver.state.helpers.AlignVerticallyReference
android.support.constraint.solver.state.helpers.BarrierReference,androidx.constraintlayout.solver.state.helpers.BarrierReference
android.support.constraint.solver.state.helpers.ChainReference,androidx.constraintlayout.solver.state.helpers.ChainReference
android.support.constraint.solver.state.helpers.GuidelineReference,androidx.constraintlayout.solver.state.helpers.GuidelineReference
android.support.constraint.solver.state.helpers.HorizontalChainReference,androidx.constraintlayout.solver.state.helpers.HorizontalChainReference
android.support.constraint.solver.state.helpers.VerticalChainReference,androidx.constraintlayout.solver.state.helpers.VerticalChainReference
android.support.constraint.solver.state.Reference,androidx.constraintlayout.solver.state.Reference
android.support.constraint.solver.state.State,androidx.constraintlayout.solver.state.State
android.support.constraint.solver.widgets.analyzer.BaselineDimensionDependency,androidx.constraintlayout.solver.widgets.analyzer.BaselineDimensionDependency
android.support.constraint.solver.widgets.analyzer.BasicMeasure,androidx.constraintlayout.solver.widgets.analyzer.BasicMeasure
android.support.constraint.solver.widgets.analyzer.ChainRun,androidx.constraintlayout.solver.widgets.analyzer.ChainRun
android.support.constraint.solver.widgets.analyzer.Dependency,androidx.constraintlayout.solver.widgets.analyzer.Dependency
android.support.constraint.solver.widgets.analyzer.DependencyGraph,androidx.constraintlayout.solver.widgets.analyzer.DependencyGraph
android.support.constraint.solver.widgets.analyzer.DependencyNode,androidx.constraintlayout.solver.widgets.analyzer.DependencyNode
android.support.constraint.solver.widgets.analyzer.DimensionDependency,androidx.constraintlayout.solver.widgets.analyzer.DimensionDependency
android.support.constraint.solver.widgets.analyzer.Direct,androidx.constraintlayout.solver.widgets.analyzer.Direct
android.support.constraint.solver.widgets.analyzer.Grouping,androidx.constraintlayout.solver.widgets.analyzer.Grouping
android.support.constraint.solver.widgets.analyzer.GuidelineReference,androidx.constraintlayout.core.widgets.analyzer.GuidelineReference
android.support.constraint.solver.widgets.analyzer.HelperReferences,androidx.constraintlayout.solver.widgets.analyzer.HelperReferences
android.support.constraint.solver.widgets.analyzer.HorizontalWidgetRun,androidx.constraintlayout.solver.widgets.analyzer.HorizontalWidgetRun
android.support.constraint.solver.widgets.analyzer.RunGroup,androidx.constraintlayout.core.widgets.analyzer.RunGroup
android.support.constraint.solver.widgets.analyzer.VerticalWidgetRun,androidx.constraintlayout.solver.widgets.analyzer.VerticalWidgetRun
android.support.constraint.solver.widgets.analyzer.WidgetGroup,androidx.constraintlayout.core.widgets.analyzer.WidgetGroup
android.support.constraint.solver.widgets.analyzer.WidgetRun,androidx.constraintlayout.solver.widgets.analyzer.WidgetRun
android.support.constraint.solver.widgets.Flow,androidx.constraintlayout.solver.widgets.Flow
android.support.constraint.solver.widgets.HelperWidget,androidx.constraintlayout.solver.widgets.HelperWidget
android.support.constraint.solver.widgets.VirtualLayout,androidx.constraintlayout.solver.widgets.VirtualLayout
android.support.constraint.StateSet,androidx.constraintlayout.widget.StateSet
android.support.constraint.utils.ImageFilterButton,androidx.constraintlayout.utils.widget.ImageFilterButton
android.support.constraint.utils.ImageFilterView,androidx.constraintlayout.utils.widget.ImageFilterView
android.support.constraint.utils.MockView,androidx.constraintlayout.utils.widget.MockView
android.support.constraint.utils.MotionTelltales,androidx.constraintlayout.utils.widget.MotionTelltales
android.support.constraint.VirtualLayout,androidx.constraintlayout.widget.VirtualLayout
android.support.media2.AudioFocusHandler,androidx.media2.AudioFocusHandler
android.support.media2.ConnectedControllersManager,androidx.media2.ConnectedControllersManager
android.support.media2.IMediaController2,androidx.media2.IMediaController
android.support.media2.IMediaSession2,androidx.media2.IMediaSession
android.support.media2.MediaLibraryService2ImplBase,androidx.media2.MediaLibraryServiceImplBase
android.support.media2.MediaLibrarySessionImplBase,androidx.media2.session.MediaLibrarySessionImplBase
android.support.media2.MediaMetadata2,androidx.media2.MediaMetadata
android.support.media2.MediaPlayer2,androidx.media2.MediaPlayer2
android.support.media2.MediaPlayer2Impl,androidx.media2.MediaPlayer2Impl
android.support.media2.MediaSessionLegacyStub,androidx.media2.MediaSessionLegacyStub
android.support.media2.MediaSessionService2LegacyStub,androidx.media2.session.MediaSessionServiceLegacyStub
android.support.media2.MediaUtils2,androidx.media2.session.MediaUtils
android.support.media2.PlaybackParams2,androidx.media2.PlaybackParams
android.support.media2.subtitle.Cea608CCParser,androidx.media2.subtitle.Cea608CCParser
android.support.media2.subtitle.Cea708CaptionRenderer,androidx.media2.subtitle.Cea708CaptionRenderer
android.support.media2.subtitle.Cea708CCParser,androidx.media2.subtitle.Cea708CCParser
android.support.media2.subtitle.ClosedCaptionRenderer,androidx.media2.subtitle.ClosedCaptionRenderer
android.support.media2.subtitle.ClosedCaptionWidget,androidx.media2.subtitle.ClosedCaptionWidget
android.support.media2.subtitle.MediaTimeProvider,androidx.media2.widget.MediaTimeProvider
android.support.media2.subtitle.SubtitleController,androidx.media2.subtitle.SubtitleController
android.support.media2.subtitle.SubtitleTrack,androidx.media2.subtitle.SubtitleTrack
android.support.media2.subtitle.SubtitleView,androidx.media2.subtitle.SubtitleView
android.support.multidex.BuildConfig,androidx.multidex.BuildConfig
android.support.multidex.instrumentation.BuildConfig,androidx.multidex.instrumentation.BuildConfig
android.support.test.espresso.core.internal.deps.aidl.BaseProxy,androidx.test.runner.internal.deps.aidl.BaseProxy
android.support.test.espresso.core.internal.deps.aidl.BaseStub,androidx.test.espresso.core.internal.deps.aidl.BaseStub
android.support.test.espresso.core.internal.deps.aidl.Codecs,androidx.test.espresso.core.internal.deps.aidl.Codecs
android.support.test.espresso.core.internal.deps.aidl.TransactionInterceptor,androidx.test.espresso.core.internal.deps.aidl.TransactionInterceptor
android.support.test.espresso.core.internal.deps.dagger.internal.DoubleCheck,androidx.test.espresso.core.internal.deps.dagger.internal.DoubleCheck
android.support.test.espresso.core.internal.deps.dagger.internal.Preconditions,androidx.test.espresso.core.internal.deps.dagger.internal.Preconditions
android.support.test.espresso.core.internal.deps.guava.base.Absent,androidx.test.espresso.core.internal.deps.guava.base.Absent
android.support.test.espresso.core.internal.deps.guava.base.AbstractIterator,androidx.test.espresso.core.internal.deps.guava.base.AbstractIterator
android.support.test.espresso.core.internal.deps.guava.base.Ascii,androidx.test.espresso.core.internal.deps.guava.base.Ascii
android.support.test.espresso.core.internal.deps.guava.base.Equivalence,androidx.test.espresso.core.internal.deps.guava.base.Equivalence
android.support.test.espresso.core.internal.deps.guava.base.ExtraObjectsMethodsForWeb,androidx.test.espresso.core.internal.deps.guava.base.ExtraObjectsMethodsForWeb
android.support.test.espresso.core.internal.deps.guava.base.Function,androidx.test.espresso.core.internal.deps.guava.base.Function
android.support.test.espresso.core.internal.deps.guava.base.Joiner,androidx.test.espresso.core.internal.deps.guava.base.Joiner
android.support.test.espresso.core.internal.deps.guava.base.MoreObjects,androidx.test.espresso.core.internal.deps.guava.base.MoreObjects
android.support.test.espresso.core.internal.deps.guava.base.Objects,androidx.test.espresso.core.internal.deps.guava.base.Objects
android.support.test.espresso.core.internal.deps.guava.base.Optional,androidx.test.espresso.core.internal.deps.guava.base.Optional
android.support.test.espresso.core.internal.deps.guava.base.PatternCompiler,androidx.test.espresso.core.internal.deps.guava.base.PatternCompiler
android.support.test.espresso.core.internal.deps.guava.base.Platform,androidx.test.espresso.core.internal.deps.guava.base.Platform
android.support.test.espresso.core.internal.deps.guava.base.Preconditions,androidx.test.espresso.core.internal.deps.guava.base.Preconditions
android.support.test.espresso.core.internal.deps.guava.base.Predicate,androidx.test.espresso.core.internal.deps.guava.base.Predicate
android.support.test.espresso.core.internal.deps.guava.base.Present,androidx.test.espresso.core.internal.deps.guava.base.Present
android.support.test.espresso.core.internal.deps.guava.base.Stopwatch,androidx.test.espresso.core.internal.deps.guava.base.Stopwatch
android.support.test.espresso.core.internal.deps.guava.base.Strings,androidx.test.espresso.core.internal.deps.guava.base.Strings
android.support.test.espresso.core.internal.deps.guava.base.Supplier,androidx.test.espresso.core.internal.deps.guava.base.Supplier
android.support.test.espresso.core.internal.deps.guava.base.Suppliers,androidx.test.espresso.core.internal.deps.guava.base.Suppliers
android.support.test.espresso.core.internal.deps.guava.base.Throwables,androidx.test.espresso.core.internal.deps.guava.base.Throwables
android.support.test.espresso.core.internal.deps.guava.base.Ticker,androidx.test.espresso.core.internal.deps.guava.base.Ticker
android.support.test.espresso.core.internal.deps.guava.cache.Cache,androidx.test.espresso.core.internal.deps.guava.cache.Cache
android.support.test.espresso.core.internal.deps.guava.cache.CacheBuilder,androidx.test.espresso.core.internal.deps.guava.cache.CacheBuilder
android.support.test.espresso.core.internal.deps.guava.cache.CacheLoader,androidx.test.espresso.core.internal.deps.guava.cache.CacheLoader
android.support.test.espresso.core.internal.deps.guava.cache.CacheStats,androidx.test.espresso.core.internal.deps.guava.cache.CacheStats
android.support.test.espresso.core.internal.deps.guava.cache.ForwardingCache,androidx.test.espresso.core.internal.deps.guava.cache.ForwardingCache
android.support.test.espresso.core.internal.deps.guava.cache.LocalCache,androidx.test.espresso.core.internal.deps.guava.cache.LocalCache
android.support.test.espresso.core.internal.deps.guava.cache.LongAddable,androidx.test.espresso.core.internal.deps.guava.cache.LongAddable
android.support.test.espresso.core.internal.deps.guava.cache.LongAddables,androidx.test.espresso.core.internal.deps.guava.cache.LongAddables
android.support.test.espresso.core.internal.deps.guava.cache.LongAdder,androidx.test.espresso.core.internal.deps.guava.cache.LongAdder
android.support.test.espresso.core.internal.deps.guava.cache.ReferenceEntry,androidx.test.espresso.core.internal.deps.guava.cache.ReferenceEntry
android.support.test.espresso.core.internal.deps.guava.cache.RemovalCause,androidx.test.espresso.core.internal.deps.guava.cache.RemovalCause
android.support.test.espresso.core.internal.deps.guava.cache.RemovalListener,androidx.test.espresso.core.internal.deps.guava.cache.RemovalListener
android.support.test.espresso.core.internal.deps.guava.cache.RemovalNotification,androidx.test.espresso.core.internal.deps.guava.cache.RemovalNotification
android.support.test.espresso.core.internal.deps.guava.cache.Striped64,androidx.test.espresso.core.internal.deps.guava.cache.Striped64
android.support.test.espresso.core.internal.deps.guava.cache.Weigher,androidx.test.espresso.core.internal.deps.guava.cache.Weigher
android.support.test.espresso.core.internal.deps.guava.collect.AbstractIndexedListIterator,androidx.test.espresso.core.internal.deps.guava.collect.AbstractIndexedListIterator
android.support.test.espresso.core.internal.deps.guava.collect.AbstractIterator,androidx.test.espresso.core.internal.deps.guava.collect.AbstractIterator
android.support.test.espresso.core.internal.deps.guava.collect.AbstractSequentialIterator,androidx.test.espresso.core.internal.deps.guava.collect.AbstractSequentialIterator
android.support.test.espresso.core.internal.deps.guava.collect.ByFunctionOrdering,androidx.test.espresso.core.internal.deps.guava.collect.ByFunctionOrdering
android.support.test.espresso.core.internal.deps.guava.collect.Collections2,androidx.test.espresso.core.internal.deps.guava.collect.Collections2
android.support.test.espresso.core.internal.deps.guava.collect.CollectPreconditions,androidx.test.espresso.core.internal.deps.guava.collect.CollectPreconditions
android.support.test.espresso.core.internal.deps.guava.collect.ComparatorOrdering,androidx.test.espresso.core.internal.deps.guava.collect.ComparatorOrdering
android.support.test.espresso.core.internal.deps.guava.collect.Cut,androidx.test.espresso.core.internal.deps.guava.collect.Cut
android.support.test.espresso.core.internal.deps.guava.collect.FluentIterable,androidx.test.espresso.core.internal.deps.guava.collect.FluentIterable
android.support.test.espresso.core.internal.deps.guava.collect.ForwardingObject,androidx.test.espresso.core.internal.deps.guava.collect.ForwardingObject
android.support.test.espresso.core.internal.deps.guava.collect.Hashing,androidx.test.espresso.core.internal.deps.guava.collect.Hashing
android.support.test.espresso.core.internal.deps.guava.collect.ImmutableCollection,androidx.test.espresso.core.internal.deps.guava.collect.ImmutableCollection
android.support.test.espresso.core.internal.deps.guava.collect.ImmutableList,androidx.test.espresso.core.internal.deps.guava.collect.ImmutableList
android.support.test.espresso.core.internal.deps.guava.collect.ImmutableMap,androidx.test.espresso.core.internal.deps.guava.collect.ImmutableMap
android.support.test.espresso.core.internal.deps.guava.collect.ImmutableSet,androidx.test.espresso.core.internal.deps.guava.collect.ImmutableSet
android.support.test.espresso.core.internal.deps.guava.collect.Iterables,androidx.test.espresso.core.internal.deps.guava.collect.Iterables
android.support.test.espresso.core.internal.deps.guava.collect.Iterators,androidx.test.espresso.core.internal.deps.guava.collect.Iterators
android.support.test.espresso.core.internal.deps.guava.collect.Lists,androidx.test.espresso.core.internal.deps.guava.collect.Lists
android.support.test.espresso.core.internal.deps.guava.collect.Maps,androidx.test.espresso.core.internal.deps.guava.collect.Maps
android.support.test.espresso.core.internal.deps.guava.collect.ObjectArrays,androidx.test.espresso.core.internal.deps.guava.collect.ObjectArrays
android.support.test.espresso.core.internal.deps.guava.collect.Ordering,androidx.test.espresso.core.internal.deps.guava.collect.Ordering
android.support.test.espresso.core.internal.deps.guava.collect.Platform,androidx.test.espresso.core.internal.deps.guava.collect.Platform
android.support.test.espresso.core.internal.deps.guava.collect.Range,androidx.test.espresso.core.internal.deps.guava.collect.Range
android.support.test.espresso.core.internal.deps.guava.collect.RangeGwtSerializationDependencies,androidx.test.espresso.core.internal.deps.guava.collect.RangeGwtSerializationDependencies
android.support.test.espresso.core.internal.deps.guava.collect.RegularImmutableList,androidx.test.espresso.core.internal.deps.guava.collect.RegularImmutableList
android.support.test.espresso.core.internal.deps.guava.collect.RegularImmutableSet,androidx.test.espresso.core.internal.deps.guava.collect.RegularImmutableSet
android.support.test.espresso.core.internal.deps.guava.collect.Sets,androidx.test.espresso.core.internal.deps.guava.collect.Sets
android.support.test.espresso.core.internal.deps.guava.collect.SingletonImmutableSet,androidx.test.espresso.core.internal.deps.guava.collect.SingletonImmutableSet
android.support.test.espresso.core.internal.deps.guava.collect.TransformedIterator,androidx.test.espresso.core.internal.deps.guava.collect.TransformedIterator
android.support.test.espresso.core.internal.deps.guava.collect.UnmodifiableIterator,androidx.test.espresso.core.internal.deps.guava.collect.UnmodifiableIterator
android.support.test.espresso.core.internal.deps.guava.collect.UnmodifiableListIterator,androidx.test.espresso.core.internal.deps.guava.collect.UnmodifiableListIterator
android.support.test.espresso.core.internal.deps.guava.primitives.Booleans,androidx.test.espresso.core.internal.deps.guava.primitives.Booleans
android.support.test.espresso.core.internal.deps.guava.primitives.Ints,androidx.test.espresso.core.internal.deps.guava.primitives.Ints
android.support.test.espresso.core.internal.deps.guava.util.concurrent.AbstractFuture,androidx.test.espresso.core.internal.deps.guava.util.concurrent.AbstractFuture
android.support.test.espresso.core.internal.deps.guava.util.concurrent.AbstractListeningExecutorService,androidx.test.espresso.core.internal.deps.guava.util.concurrent.AbstractListeningExecutorService
android.support.test.espresso.core.internal.deps.guava.util.concurrent.AbstractTransformFuture,androidx.test.espresso.core.internal.deps.guava.util.concurrent.AbstractTransformFuture
android.support.test.espresso.core.internal.deps.guava.util.concurrent.ExecutionList,androidx.test.espresso.core.internal.deps.guava.util.concurrent.ExecutionList
android.support.test.espresso.core.internal.deps.guava.util.concurrent.ForwardingFuture,androidx.test.espresso.core.internal.deps.guava.util.concurrent.ForwardingFuture
android.support.test.espresso.core.internal.deps.guava.util.concurrent.ForwardingListenableFuture,androidx.test.espresso.core.internal.deps.guava.util.concurrent.ForwardingListenableFuture
android.support.test.espresso.core.internal.deps.guava.util.concurrent.Futures,androidx.test.espresso.core.internal.deps.guava.util.concurrent.Futures
android.support.test.espresso.core.internal.deps.guava.util.concurrent.GwtFluentFutureCatchingSpecialization,androidx.test.espresso.core.internal.deps.guava.util.concurrent.GwtFluentFutureCatchingSpecialization
android.support.test.espresso.core.internal.deps.guava.util.concurrent.GwtFuturesCatchingSpecialization,androidx.test.espresso.core.internal.deps.guava.util.concurrent.GwtFuturesCatchingSpecialization
android.support.test.espresso.core.internal.deps.guava.util.concurrent.InterruptibleTask,androidx.test.espresso.core.internal.deps.guava.util.concurrent.InterruptibleTask
android.support.test.espresso.core.internal.deps.guava.util.concurrent.ListenableFuture,androidx.test.espresso.core.internal.deps.guava.util.concurrent.ListenableFuture
android.support.test.espresso.core.internal.deps.guava.util.concurrent.ListenableFutureTask,androidx.test.espresso.core.internal.deps.guava.util.concurrent.ListenableFutureTask
android.support.test.espresso.core.internal.deps.guava.util.concurrent.ListenableScheduledFuture,androidx.test.espresso.core.internal.deps.guava.util.concurrent.ListenableScheduledFuture
android.support.test.espresso.core.internal.deps.guava.util.concurrent.ListeningExecutorService,androidx.test.espresso.core.internal.deps.guava.util.concurrent.ListeningExecutorService
android.support.test.espresso.core.internal.deps.guava.util.concurrent.MoreExecutors,androidx.test.espresso.core.internal.deps.guava.util.concurrent.MoreExecutors
android.support.test.espresso.core.internal.deps.guava.util.concurrent.SettableFuture,androidx.test.espresso.core.internal.deps.guava.util.concurrent.SettableFuture
android.support.test.espresso.core.internal.deps.guava.util.concurrent.ThreadFactoryBuilder,androidx.test.espresso.core.internal.deps.guava.util.concurrent.ThreadFactoryBuilder
android.support.test.espresso.core.internal.deps.guava.util.concurrent.TrustedListenableFutureTask,androidx.test.espresso.core.internal.deps.guava.util.concurrent.TrustedListenableFutureTask
android.support.test.espresso.core.internal.deps.guava.util.concurrent.Uninterruptibles,androidx.test.espresso.core.internal.deps.guava.util.concurrent.Uninterruptibles
android.support.test.espresso.remote.internal.deps.aidl.BaseProxy,androidx.test.runner.internal.deps.aidl.BaseProxy
android.support.test.espresso.remote.internal.deps.aidl.BaseStub,androidx.test.espresso.remote.internal.deps.aidl.BaseStub
android.support.test.espresso.remote.internal.deps.aidl.Codecs,androidx.test.espresso.remote.internal.deps.aidl.Codecs
android.support.test.espresso.remote.internal.deps.aidl.TransactionInterceptor,androidx.test.espresso.remote.internal.deps.aidl.TransactionInterceptor
android.support.test.espresso.remote.internal.deps.guava.base.Absent,androidx.test.espresso.remote.internal.deps.guava.base.Absent
android.support.test.espresso.remote.internal.deps.guava.base.AbstractIterator,androidx.test.espresso.remote.internal.deps.guava.base.AbstractIterator
android.support.test.espresso.remote.internal.deps.guava.base.Ascii,androidx.test.espresso.remote.internal.deps.guava.base.Ascii
android.support.test.espresso.remote.internal.deps.guava.base.Equivalence,androidx.test.espresso.remote.internal.deps.guava.base.Equivalence
android.support.test.espresso.remote.internal.deps.guava.base.ExtraObjectsMethodsForWeb,androidx.test.espresso.remote.internal.deps.guava.base.ExtraObjectsMethodsForWeb
android.support.test.espresso.remote.internal.deps.guava.base.Function,androidx.test.espresso.remote.internal.deps.guava.base.Function
android.support.test.espresso.remote.internal.deps.guava.base.Joiner,androidx.test.espresso.remote.internal.deps.guava.base.Joiner
android.support.test.espresso.remote.internal.deps.guava.base.MoreObjects,androidx.test.espresso.remote.internal.deps.guava.base.MoreObjects
android.support.test.espresso.remote.internal.deps.guava.base.Objects,androidx.test.espresso.remote.internal.deps.guava.base.Objects
android.support.test.espresso.remote.internal.deps.guava.base.PatternCompiler,androidx.test.espresso.remote.internal.deps.guava.base.PatternCompiler
android.support.test.espresso.remote.internal.deps.guava.base.Platform,androidx.test.espresso.remote.internal.deps.guava.base.Platform
android.support.test.espresso.remote.internal.deps.guava.base.Preconditions,androidx.test.espresso.remote.internal.deps.guava.base.Preconditions
android.support.test.espresso.remote.internal.deps.guava.base.Predicate,androidx.test.espresso.remote.internal.deps.guava.base.Predicate
android.support.test.espresso.remote.internal.deps.guava.base.Present,androidx.test.espresso.remote.internal.deps.guava.base.Present
android.support.test.espresso.remote.internal.deps.guava.base.Stopwatch,androidx.test.espresso.remote.internal.deps.guava.base.Stopwatch
android.support.test.espresso.remote.internal.deps.guava.base.Strings,androidx.test.espresso.remote.internal.deps.guava.base.Strings
android.support.test.espresso.remote.internal.deps.guava.base.Supplier,androidx.test.espresso.remote.internal.deps.guava.base.Supplier
android.support.test.espresso.remote.internal.deps.guava.base.Suppliers,androidx.test.espresso.remote.internal.deps.guava.base.Suppliers
android.support.test.espresso.remote.internal.deps.guava.base.Throwables,androidx.test.espresso.remote.internal.deps.guava.base.Throwables
android.support.test.espresso.remote.internal.deps.guava.base.Ticker,androidx.test.espresso.remote.internal.deps.guava.base.Ticker
android.support.test.espresso.remote.internal.deps.guava.cache.Cache,androidx.test.espresso.remote.internal.deps.guava.cache.Cache
android.support.test.espresso.remote.internal.deps.guava.cache.CacheBuilder,androidx.test.espresso.remote.internal.deps.guava.cache.CacheBuilder
android.support.test.espresso.remote.internal.deps.guava.cache.CacheLoader,androidx.test.espresso.remote.internal.deps.guava.cache.CacheLoader
android.support.test.espresso.remote.internal.deps.guava.cache.CacheStats,androidx.test.espresso.remote.internal.deps.guava.cache.CacheStats
android.support.test.espresso.remote.internal.deps.guava.cache.ForwardingCache,androidx.test.espresso.remote.internal.deps.guava.cache.ForwardingCache
android.support.test.espresso.remote.internal.deps.guava.cache.LocalCache,androidx.test.espresso.remote.internal.deps.guava.cache.LocalCache
android.support.test.espresso.remote.internal.deps.guava.cache.LongAddable,androidx.test.espresso.remote.internal.deps.guava.cache.LongAddable
android.support.test.espresso.remote.internal.deps.guava.cache.LongAddables,androidx.test.espresso.remote.internal.deps.guava.cache.LongAddables
android.support.test.espresso.remote.internal.deps.guava.cache.LongAdder,androidx.test.espresso.remote.internal.deps.guava.cache.LongAdder
android.support.test.espresso.remote.internal.deps.guava.cache.ReferenceEntry,androidx.test.espresso.remote.internal.deps.guava.cache.ReferenceEntry
android.support.test.espresso.remote.internal.deps.guava.cache.RemovalCause,androidx.test.espresso.remote.internal.deps.guava.cache.RemovalCause
android.support.test.espresso.remote.internal.deps.guava.cache.RemovalListener,androidx.test.espresso.remote.internal.deps.guava.cache.RemovalListener
android.support.test.espresso.remote.internal.deps.guava.cache.RemovalNotification,androidx.test.espresso.remote.internal.deps.guava.cache.RemovalNotification
android.support.test.espresso.remote.internal.deps.guava.cache.Striped64,androidx.test.espresso.remote.internal.deps.guava.cache.Striped64
android.support.test.espresso.remote.internal.deps.guava.cache.Weigher,androidx.test.espresso.remote.internal.deps.guava.cache.Weigher
android.support.test.espresso.remote.internal.deps.guava.collect.AbstractIndexedListIterator,androidx.test.espresso.remote.internal.deps.guava.collect.AbstractIndexedListIterator
android.support.test.espresso.remote.internal.deps.guava.collect.AbstractIterator,androidx.test.espresso.remote.internal.deps.guava.collect.AbstractIterator
android.support.test.espresso.remote.internal.deps.guava.collect.AbstractSequentialIterator,androidx.test.espresso.remote.internal.deps.guava.collect.AbstractSequentialIterator
android.support.test.espresso.remote.internal.deps.guava.collect.ByFunctionOrdering,androidx.test.espresso.remote.internal.deps.guava.collect.ByFunctionOrdering
android.support.test.espresso.remote.internal.deps.guava.collect.Collections2,androidx.test.espresso.remote.internal.deps.guava.collect.Collections2
android.support.test.espresso.remote.internal.deps.guava.collect.CollectPreconditions,androidx.test.espresso.remote.internal.deps.guava.collect.CollectPreconditions
android.support.test.espresso.remote.internal.deps.guava.collect.ComparatorOrdering,androidx.test.espresso.remote.internal.deps.guava.collect.ComparatorOrdering
android.support.test.espresso.remote.internal.deps.guava.collect.Cut,androidx.test.espresso.remote.internal.deps.guava.collect.Cut
android.support.test.espresso.remote.internal.deps.guava.collect.FluentIterable,androidx.test.espresso.remote.internal.deps.guava.collect.FluentIterable
android.support.test.espresso.remote.internal.deps.guava.collect.ForwardingObject,androidx.test.espresso.remote.internal.deps.guava.collect.ForwardingObject
android.support.test.espresso.remote.internal.deps.guava.collect.Hashing,androidx.test.espresso.remote.internal.deps.guava.collect.Hashing
android.support.test.espresso.remote.internal.deps.guava.collect.ImmutableCollection,androidx.test.espresso.remote.internal.deps.guava.collect.ImmutableCollection
android.support.test.espresso.remote.internal.deps.guava.collect.ImmutableList,androidx.test.espresso.remote.internal.deps.guava.collect.ImmutableList
android.support.test.espresso.remote.internal.deps.guava.collect.ImmutableMap,androidx.test.espresso.remote.internal.deps.guava.collect.ImmutableMap
android.support.test.espresso.remote.internal.deps.guava.collect.ImmutableSet,androidx.test.espresso.remote.internal.deps.guava.collect.ImmutableSet
android.support.test.espresso.remote.internal.deps.guava.collect.Iterables,androidx.test.espresso.remote.internal.deps.guava.collect.Iterables
android.support.test.espresso.remote.internal.deps.guava.collect.Iterators,androidx.test.espresso.remote.internal.deps.guava.collect.Iterators
android.support.test.espresso.remote.internal.deps.guava.collect.Lists,androidx.test.espresso.remote.internal.deps.guava.collect.Lists
android.support.test.espresso.remote.internal.deps.guava.collect.Maps,androidx.test.espresso.remote.internal.deps.guava.collect.Maps
android.support.test.espresso.remote.internal.deps.guava.collect.ObjectArrays,androidx.test.espresso.remote.internal.deps.guava.collect.ObjectArrays
android.support.test.espresso.remote.internal.deps.guava.collect.Ordering,androidx.test.espresso.remote.internal.deps.guava.collect.Ordering
android.support.test.espresso.remote.internal.deps.guava.collect.Platform,androidx.test.espresso.remote.internal.deps.guava.collect.Platform
android.support.test.espresso.remote.internal.deps.guava.collect.Range,androidx.test.espresso.remote.internal.deps.guava.collect.Range
android.support.test.espresso.remote.internal.deps.guava.collect.RangeGwtSerializationDependencies,androidx.test.espresso.remote.internal.deps.guava.collect.RangeGwtSerializationDependencies
android.support.test.espresso.remote.internal.deps.guava.collect.RegularImmutableList,androidx.test.espresso.remote.internal.deps.guava.collect.RegularImmutableList
android.support.test.espresso.remote.internal.deps.guava.collect.RegularImmutableSet,androidx.test.espresso.remote.internal.deps.guava.collect.RegularImmutableSet
android.support.test.espresso.remote.internal.deps.guava.collect.Sets,androidx.test.espresso.remote.internal.deps.guava.collect.Sets
android.support.test.espresso.remote.internal.deps.guava.collect.SingletonImmutableSet,androidx.test.espresso.remote.internal.deps.guava.collect.SingletonImmutableSet
android.support.test.espresso.remote.internal.deps.guava.collect.TransformedIterator,androidx.test.espresso.remote.internal.deps.guava.collect.TransformedIterator
android.support.test.espresso.remote.internal.deps.guava.collect.TransformedListIterator,androidx.test.espresso.remote.internal.deps.guava.collect.TransformedListIterator
android.support.test.espresso.remote.internal.deps.guava.collect.UnmodifiableIterator,androidx.test.espresso.remote.internal.deps.guava.collect.UnmodifiableIterator
android.support.test.espresso.remote.internal.deps.guava.collect.UnmodifiableListIterator,androidx.test.espresso.remote.internal.deps.guava.collect.UnmodifiableListIterator
android.support.test.espresso.remote.internal.deps.guava.io.ByteStreams,androidx.test.espresso.remote.internal.deps.guava.io.ByteStreams
android.support.test.espresso.remote.internal.deps.guava.math.IntMath,androidx.test.espresso.remote.internal.deps.guava.math.IntMath
android.support.test.espresso.remote.internal.deps.guava.primitives.Booleans,androidx.test.espresso.remote.internal.deps.guava.primitives.Booleans
android.support.test.espresso.remote.internal.deps.guava.primitives.Ints,androidx.test.espresso.remote.internal.deps.guava.primitives.Ints
android.support.test.espresso.remote.internal.deps.guava.util.concurrent.AbstractFuture,androidx.test.espresso.remote.internal.deps.guava.util.concurrent.AbstractFuture
android.support.test.espresso.remote.internal.deps.guava.util.concurrent.AbstractListeningExecutorService,androidx.test.espresso.remote.internal.deps.guava.util.concurrent.AbstractListeningExecutorService
android.support.test.espresso.remote.internal.deps.guava.util.concurrent.AbstractTransformFuture,androidx.test.espresso.remote.internal.deps.guava.util.concurrent.AbstractTransformFuture
android.support.test.espresso.remote.internal.deps.guava.util.concurrent.AsyncFunction,androidx.test.espresso.remote.internal.deps.guava.util.concurrent.AsyncFunction
android.support.test.espresso.remote.internal.deps.guava.util.concurrent.ExecutionList,androidx.test.espresso.remote.internal.deps.guava.util.concurrent.ExecutionList
android.support.test.espresso.remote.internal.deps.guava.util.concurrent.ForwardingFuture,androidx.test.espresso.remote.internal.deps.guava.util.concurrent.ForwardingFuture
android.support.test.espresso.remote.internal.deps.guava.util.concurrent.ForwardingListenableFuture,androidx.test.espresso.remote.internal.deps.guava.util.concurrent.ForwardingListenableFuture
android.support.test.espresso.remote.internal.deps.guava.util.concurrent.Futures,androidx.test.espresso.remote.internal.deps.guava.util.concurrent.Futures
android.support.test.espresso.remote.internal.deps.guava.util.concurrent.GwtFluentFutureCatchingSpecialization,androidx.test.espresso.remote.internal.deps.guava.util.concurrent.GwtFluentFutureCatchingSpecialization
android.support.test.espresso.remote.internal.deps.guava.util.concurrent.GwtFuturesCatchingSpecialization,androidx.test.espresso.remote.internal.deps.guava.util.concurrent.GwtFuturesCatchingSpecialization
android.support.test.espresso.remote.internal.deps.guava.util.concurrent.InterruptibleTask,androidx.test.espresso.remote.internal.deps.guava.util.concurrent.InterruptibleTask
android.support.test.espresso.remote.internal.deps.guava.util.concurrent.ListenableFuture,androidx.test.espresso.remote.internal.deps.guava.util.concurrent.ListenableFuture
android.support.test.espresso.remote.internal.deps.guava.util.concurrent.ListenableFutureTask,androidx.test.espresso.remote.internal.deps.guava.util.concurrent.ListenableFutureTask
android.support.test.espresso.remote.internal.deps.guava.util.concurrent.ListenableScheduledFuture,androidx.test.espresso.remote.internal.deps.guava.util.concurrent.ListenableScheduledFuture
android.support.test.espresso.remote.internal.deps.guava.util.concurrent.ListeningExecutorService,androidx.test.espresso.remote.internal.deps.guava.util.concurrent.ListeningExecutorService
android.support.test.espresso.remote.internal.deps.guava.util.concurrent.MoreExecutors,androidx.test.espresso.remote.internal.deps.guava.util.concurrent.MoreExecutors
android.support.test.espresso.remote.internal.deps.guava.util.concurrent.SettableFuture,androidx.test.espresso.remote.internal.deps.guava.util.concurrent.SettableFuture
android.support.test.espresso.remote.internal.deps.guava.util.concurrent.ThreadFactoryBuilder,androidx.test.espresso.remote.internal.deps.guava.util.concurrent.ThreadFactoryBuilder
android.support.test.espresso.remote.internal.deps.guava.util.concurrent.TrustedListenableFutureTask,androidx.test.espresso.remote.internal.deps.guava.util.concurrent.TrustedListenableFutureTask
android.support.test.espresso.remote.internal.deps.guava.util.concurrent.Uninterruptibles,androidx.test.espresso.remote.internal.deps.guava.util.concurrent.Uninterruptibles
android.support.test.espresso.remote.internal.deps.protobuf.AbstractMessageLite,androidx.test.espresso.remote.internal.deps.protobuf.AbstractMessageLite
android.support.test.espresso.remote.internal.deps.protobuf.AbstractMutableMessageLite,androidx.test.espresso.remote.internal.deps.protobuf.AbstractMutableMessageLite
android.support.test.espresso.remote.internal.deps.protobuf.AbstractParser,androidx.test.espresso.remote.internal.deps.protobuf.AbstractParser
android.support.test.espresso.remote.internal.deps.protobuf.AbstractProtobufList,androidx.test.espresso.remote.internal.deps.protobuf.AbstractProtobufList
android.support.test.espresso.remote.internal.deps.protobuf.Android,androidx.test.espresso.remote.internal.deps.protobuf.Android
android.support.test.espresso.remote.internal.deps.protobuf.Any,androidx.test.espresso.remote.internal.deps.protobuf.Any
android.support.test.espresso.remote.internal.deps.protobuf.AnyOrBuilder,androidx.test.espresso.remote.internal.deps.protobuf.AnyOrBuilder
android.support.test.espresso.remote.internal.deps.protobuf.ArrayDecoders,androidx.test.espresso.remote.internal.deps.protobuf.ArrayDecoders
android.support.test.espresso.remote.internal.deps.protobuf.BinaryReader,androidx.test.espresso.remote.internal.deps.protobuf.BinaryReader
android.support.test.espresso.remote.internal.deps.protobuf.BooleanArrayList,androidx.test.espresso.remote.internal.deps.protobuf.BooleanArrayList
android.support.test.espresso.remote.internal.deps.protobuf.ByteOutput,androidx.test.espresso.remote.internal.deps.protobuf.ByteOutput
android.support.test.espresso.remote.internal.deps.protobuf.ByteString,androidx.test.espresso.remote.internal.deps.protobuf.ByteString
android.support.test.espresso.remote.internal.deps.protobuf.CodedInputStream,androidx.test.espresso.remote.internal.deps.protobuf.CodedInputStream
android.support.test.espresso.remote.internal.deps.protobuf.CodedInputStreamReader,androidx.test.espresso.remote.internal.deps.protobuf.CodedInputStreamReader
android.support.test.espresso.remote.internal.deps.protobuf.CodedOutputStream,androidx.test.espresso.remote.internal.deps.protobuf.CodedOutputStream
android.support.test.espresso.remote.internal.deps.protobuf.CodedOutputStreamWriter,androidx.test.espresso.remote.internal.deps.protobuf.CodedOutputStreamWriter
android.support.test.espresso.remote.internal.deps.protobuf.DoubleArrayList,androidx.test.espresso.remote.internal.deps.protobuf.DoubleArrayList
android.support.test.espresso.remote.internal.deps.protobuf.ExtensionLite,androidx.test.espresso.remote.internal.deps.protobuf.ExtensionLite
android.support.test.espresso.remote.internal.deps.protobuf.ExtensionRegistryFactory,androidx.test.espresso.remote.internal.deps.protobuf.ExtensionRegistryFactory
android.support.test.espresso.remote.internal.deps.protobuf.ExtensionRegistryLite,androidx.test.espresso.remote.internal.deps.protobuf.ExtensionRegistryLite
android.support.test.espresso.remote.internal.deps.protobuf.ExtensionSchema,androidx.test.espresso.remote.internal.deps.protobuf.ExtensionSchema
android.support.test.espresso.remote.internal.deps.protobuf.ExtensionSchemaLite,androidx.test.espresso.remote.internal.deps.protobuf.ExtensionSchemaLite
android.support.test.espresso.remote.internal.deps.protobuf.ExtensionSchemas,androidx.test.espresso.remote.internal.deps.protobuf.ExtensionSchemas
android.support.test.espresso.remote.internal.deps.protobuf.FieldInfo,androidx.test.espresso.remote.internal.deps.protobuf.FieldInfo
android.support.test.espresso.remote.internal.deps.protobuf.FieldSet,androidx.test.espresso.remote.internal.deps.protobuf.FieldSet
android.support.test.espresso.remote.internal.deps.protobuf.FieldType,androidx.test.espresso.remote.internal.deps.protobuf.FieldType
android.support.test.espresso.remote.internal.deps.protobuf.FloatArrayList,androidx.test.espresso.remote.internal.deps.protobuf.FloatArrayList
android.support.test.espresso.remote.internal.deps.protobuf.GeneratedExtensionRegistryLoader,androidx.test.espresso.remote.internal.deps.protobuf.GeneratedExtensionRegistryLoader
android.support.test.espresso.remote.internal.deps.protobuf.GeneratedMessageInfoFactory,androidx.test.espresso.remote.internal.deps.protobuf.GeneratedMessageInfoFactory
android.support.test.espresso.remote.internal.deps.protobuf.GeneratedMessageLite,androidx.test.espresso.remote.internal.deps.protobuf.GeneratedMessageLite
android.support.test.espresso.remote.internal.deps.protobuf.IntArrayList,androidx.test.espresso.remote.internal.deps.protobuf.IntArrayList
android.support.test.espresso.remote.internal.deps.protobuf.Internal,androidx.test.espresso.remote.internal.deps.protobuf.Internal
android.support.test.espresso.remote.internal.deps.protobuf.InvalidProtocolBufferException,androidx.test.espresso.remote.internal.deps.protobuf.InvalidProtocolBufferException
android.support.test.espresso.remote.internal.deps.protobuf.JavaType,androidx.test.espresso.remote.internal.deps.protobuf.JavaType
android.support.test.espresso.remote.internal.deps.protobuf.LazyField,androidx.test.espresso.remote.internal.deps.protobuf.LazyField
android.support.test.espresso.remote.internal.deps.protobuf.LazyFieldLite,androidx.test.espresso.remote.internal.deps.protobuf.LazyFieldLite
android.support.test.espresso.remote.internal.deps.protobuf.LazyStringArrayList,androidx.test.espresso.remote.internal.deps.protobuf.LazyStringArrayList
android.support.test.espresso.remote.internal.deps.protobuf.LazyStringList,androidx.test.espresso.remote.internal.deps.protobuf.LazyStringList
android.support.test.espresso.remote.internal.deps.protobuf.ListFieldSchema,androidx.test.espresso.remote.internal.deps.protobuf.ListFieldSchema
android.support.test.espresso.remote.internal.deps.protobuf.LongArrayList,androidx.test.espresso.remote.internal.deps.protobuf.LongArrayList
android.support.test.espresso.remote.internal.deps.protobuf.ManifestSchemaFactory,androidx.test.espresso.remote.internal.deps.protobuf.ManifestSchemaFactory
android.support.test.espresso.remote.internal.deps.protobuf.MapEntryLite,androidx.test.espresso.remote.internal.deps.protobuf.MapEntryLite
android.support.test.espresso.remote.internal.deps.protobuf.MapFieldLite,androidx.test.espresso.remote.internal.deps.protobuf.MapFieldLite
android.support.test.espresso.remote.internal.deps.protobuf.MapFieldSchema,androidx.test.espresso.remote.internal.deps.protobuf.MapFieldSchema
android.support.test.espresso.remote.internal.deps.protobuf.MapFieldSchemaLite,androidx.test.espresso.remote.internal.deps.protobuf.MapFieldSchemaLite
android.support.test.espresso.remote.internal.deps.protobuf.MapFieldSchemas,androidx.test.espresso.remote.internal.deps.protobuf.MapFieldSchemas
android.support.test.espresso.remote.internal.deps.protobuf.MessageInfo,androidx.test.espresso.remote.internal.deps.protobuf.MessageInfo
android.support.test.espresso.remote.internal.deps.protobuf.MessageInfoFactory,androidx.datastore.preferences.protobuf.MessageInfoFactory
android.support.test.espresso.remote.internal.deps.protobuf.MessageLite,androidx.test.espresso.remote.internal.deps.protobuf.MessageLite
android.support.test.espresso.remote.internal.deps.protobuf.MessageLiteOrBuilder,androidx.test.espresso.remote.internal.deps.protobuf.MessageLiteOrBuilder
android.support.test.espresso.remote.internal.deps.protobuf.MessageLiteToString,androidx.test.espresso.remote.internal.deps.protobuf.MessageLiteToString
android.support.test.espresso.remote.internal.deps.protobuf.MessageSchema,androidx.test.espresso.remote.internal.deps.protobuf.MessageSchema
android.support.test.espresso.remote.internal.deps.protobuf.MessageSetSchema,androidx.test.espresso.remote.internal.deps.protobuf.MessageSetSchema
android.support.test.espresso.remote.internal.deps.protobuf.MutableMessageLite,androidx.test.espresso.remote.internal.deps.protobuf.MutableMessageLite
android.support.test.espresso.remote.internal.deps.protobuf.NewInstanceSchema,androidx.test.espresso.remote.internal.deps.protobuf.NewInstanceSchema
android.support.test.espresso.remote.internal.deps.protobuf.NewInstanceSchemaLite,androidx.test.espresso.remote.internal.deps.protobuf.NewInstanceSchemaLite
android.support.test.espresso.remote.internal.deps.protobuf.NewInstanceSchemas,androidx.test.espresso.remote.internal.deps.protobuf.NewInstanceSchemas
android.support.test.espresso.remote.internal.deps.protobuf.NioByteString,androidx.test.espresso.remote.internal.deps.protobuf.NioByteString
android.support.test.espresso.remote.internal.deps.protobuf.OneofInfo,androidx.test.espresso.remote.internal.deps.protobuf.OneofInfo
android.support.test.espresso.remote.internal.deps.protobuf.Parser,androidx.test.espresso.remote.internal.deps.protobuf.Parser
android.support.test.espresso.remote.internal.deps.protobuf.PrimitiveNonBoxingCollection,androidx.test.espresso.remote.internal.deps.protobuf.PrimitiveNonBoxingCollection
android.support.test.espresso.remote.internal.deps.protobuf.Protobuf,androidx.test.espresso.remote.internal.deps.protobuf.Protobuf
android.support.test.espresso.remote.internal.deps.protobuf.ProtobufArrayList,androidx.test.espresso.remote.internal.deps.protobuf.ProtobufArrayList
android.support.test.espresso.remote.internal.deps.protobuf.ProtocolStringList,androidx.datastore.preferences.protobuf.ProtocolStringList
android.support.test.espresso.remote.internal.deps.protobuf.ProtoSyntax,androidx.test.espresso.remote.internal.deps.protobuf.ProtoSyntax
android.support.test.espresso.remote.internal.deps.protobuf.RawMessageInfo,androidx.test.espresso.remote.internal.deps.protobuf.RawMessageInfo
android.support.test.espresso.remote.internal.deps.protobuf.Reader,androidx.test.espresso.remote.internal.deps.protobuf.Reader
android.support.test.espresso.remote.internal.deps.protobuf.Schema,androidx.test.espresso.remote.internal.deps.protobuf.Schema
android.support.test.espresso.remote.internal.deps.protobuf.SchemaFactory,androidx.test.espresso.remote.internal.deps.protobuf.SchemaFactory
android.support.test.espresso.remote.internal.deps.protobuf.SchemaUtil,androidx.test.espresso.remote.internal.deps.protobuf.SchemaUtil
android.support.test.espresso.remote.internal.deps.protobuf.SmallSortedMap,androidx.test.espresso.remote.internal.deps.protobuf.SmallSortedMap
android.support.test.espresso.remote.internal.deps.protobuf.StructuralMessageInfo,androidx.test.espresso.remote.internal.deps.protobuf.StructuralMessageInfo
android.support.test.espresso.remote.internal.deps.protobuf.TextFormatEscaper,androidx.test.espresso.remote.internal.deps.protobuf.TextFormatEscaper
android.support.test.espresso.remote.internal.deps.protobuf.UninitializedMessageException,androidx.test.espresso.remote.internal.deps.protobuf.UninitializedMessageException
android.support.test.espresso.remote.internal.deps.protobuf.UnknownFieldSchema,androidx.test.espresso.remote.internal.deps.protobuf.UnknownFieldSchema
android.support.test.espresso.remote.internal.deps.protobuf.UnknownFieldSetLite,androidx.test.espresso.remote.internal.deps.protobuf.UnknownFieldSetLite
android.support.test.espresso.remote.internal.deps.protobuf.UnknownFieldSetLiteSchema,androidx.glance.appwidget.proto.UnknownFieldSetLiteSchema
android.support.test.espresso.remote.internal.deps.protobuf.UnmodifiableLazyStringList,android.support.test.espresso.remote.internal.deps.protobuf.UnmodifiableLazyStringList
android.support.test.espresso.remote.internal.deps.protobuf.Utf8,androidx.test.espresso.remote.internal.deps.protobuf.Utf8
android.support.test.espresso.remote.internal.deps.protobuf.WireFormat,androidx.test.espresso.remote.internal.deps.protobuf.WireFormat
android.support.test.espresso.remote.internal.deps.protobuf.Writer,androidx.test.espresso.remote.internal.deps.protobuf.Writer
android.support.test.espresso.web.internal.deps.aidl.BaseProxy,androidx.test.runner.internal.deps.aidl.BaseProxy
android.support.test.espresso.web.internal.deps.aidl.BaseStub,androidx.test.espresso.web.internal.deps.aidl.BaseStub
android.support.test.espresso.web.internal.deps.aidl.Codecs,androidx.test.espresso.web.internal.deps.aidl.Codecs
android.support.test.espresso.web.internal.deps.aidl.TransactionInterceptor,androidx.test.espresso.web.internal.deps.aidl.TransactionInterceptor
android.support.test.espresso.web.internal.deps.guava.base.Absent,androidx.test.espresso.web.internal.deps.guava.base.Absent
android.support.test.espresso.web.internal.deps.guava.base.AbstractIterator,androidx.test.espresso.web.internal.deps.guava.base.AbstractIterator
android.support.test.espresso.web.internal.deps.guava.base.Ascii,androidx.test.espresso.web.internal.deps.guava.base.Ascii
android.support.test.espresso.web.internal.deps.guava.base.Equivalence,androidx.test.espresso.web.internal.deps.guava.base.Equivalence
android.support.test.espresso.web.internal.deps.guava.base.ExtraObjectsMethodsForWeb,androidx.test.espresso.web.internal.deps.guava.base.ExtraObjectsMethodsForWeb
android.support.test.espresso.web.internal.deps.guava.base.Function,androidx.test.espresso.web.internal.deps.guava.base.Function
android.support.test.espresso.web.internal.deps.guava.base.Joiner,androidx.test.espresso.web.internal.deps.guava.base.Joiner
android.support.test.espresso.web.internal.deps.guava.base.MoreObjects,androidx.test.espresso.web.internal.deps.guava.base.MoreObjects
android.support.test.espresso.web.internal.deps.guava.base.Objects,androidx.test.espresso.web.internal.deps.guava.base.Objects
android.support.test.espresso.web.internal.deps.guava.base.Optional,androidx.test.espresso.web.internal.deps.guava.base.Optional
android.support.test.espresso.web.internal.deps.guava.base.PatternCompiler,androidx.test.espresso.web.internal.deps.guava.base.PatternCompiler
android.support.test.espresso.web.internal.deps.guava.base.Platform,androidx.test.espresso.web.internal.deps.guava.base.Platform
android.support.test.espresso.web.internal.deps.guava.base.Preconditions,androidx.test.espresso.web.internal.deps.guava.base.Preconditions
android.support.test.espresso.web.internal.deps.guava.base.Predicate,androidx.test.espresso.web.internal.deps.guava.base.Predicate
android.support.test.espresso.web.internal.deps.guava.base.Present,androidx.test.espresso.web.internal.deps.guava.base.Present
android.support.test.espresso.web.internal.deps.guava.base.Stopwatch,androidx.test.espresso.web.internal.deps.guava.base.Stopwatch
android.support.test.espresso.web.internal.deps.guava.base.Strings,androidx.test.espresso.web.internal.deps.guava.base.Strings
android.support.test.espresso.web.internal.deps.guava.base.Supplier,androidx.test.espresso.web.internal.deps.guava.base.Supplier
android.support.test.espresso.web.internal.deps.guava.base.Suppliers,androidx.test.espresso.web.internal.deps.guava.base.Suppliers
android.support.test.espresso.web.internal.deps.guava.base.Throwables,androidx.test.espresso.web.internal.deps.guava.base.Throwables
android.support.test.espresso.web.internal.deps.guava.base.Ticker,androidx.test.espresso.web.internal.deps.guava.base.Ticker
android.support.test.espresso.web.internal.deps.guava.cache.Cache,androidx.test.espresso.web.internal.deps.guava.cache.Cache
android.support.test.espresso.web.internal.deps.guava.cache.CacheBuilder,androidx.test.espresso.web.internal.deps.guava.cache.CacheBuilder
android.support.test.espresso.web.internal.deps.guava.cache.CacheLoader,androidx.test.espresso.web.internal.deps.guava.cache.CacheLoader
android.support.test.espresso.web.internal.deps.guava.cache.CacheStats,androidx.test.espresso.web.internal.deps.guava.cache.CacheStats
android.support.test.espresso.web.internal.deps.guava.cache.ForwardingCache,androidx.test.espresso.web.internal.deps.guava.cache.ForwardingCache
android.support.test.espresso.web.internal.deps.guava.cache.LocalCache,androidx.test.espresso.web.internal.deps.guava.cache.LocalCache
android.support.test.espresso.web.internal.deps.guava.cache.LongAddable,androidx.test.espresso.web.internal.deps.guava.cache.LongAddable
android.support.test.espresso.web.internal.deps.guava.cache.LongAddables,androidx.test.espresso.web.internal.deps.guava.cache.LongAddables
android.support.test.espresso.web.internal.deps.guava.cache.LongAdder,androidx.test.espresso.web.internal.deps.guava.cache.LongAdder
android.support.test.espresso.web.internal.deps.guava.cache.ReferenceEntry,androidx.test.espresso.web.internal.deps.guava.cache.ReferenceEntry
android.support.test.espresso.web.internal.deps.guava.cache.RemovalCause,androidx.test.espresso.web.internal.deps.guava.cache.RemovalCause
android.support.test.espresso.web.internal.deps.guava.cache.RemovalListener,androidx.test.espresso.web.internal.deps.guava.cache.RemovalListener
android.support.test.espresso.web.internal.deps.guava.cache.RemovalNotification,androidx.test.espresso.web.internal.deps.guava.cache.RemovalNotification
android.support.test.espresso.web.internal.deps.guava.cache.Striped64,androidx.test.espresso.web.internal.deps.guava.cache.Striped64
android.support.test.espresso.web.internal.deps.guava.cache.Weigher,androidx.test.espresso.web.internal.deps.guava.cache.Weigher
android.support.test.espresso.web.internal.deps.guava.collect.AbstractIndexedListIterator,androidx.test.espresso.web.internal.deps.guava.collect.AbstractIndexedListIterator
android.support.test.espresso.web.internal.deps.guava.collect.AbstractIterator,androidx.test.espresso.web.internal.deps.guava.collect.AbstractIterator
android.support.test.espresso.web.internal.deps.guava.collect.AbstractSequentialIterator,androidx.test.espresso.web.internal.deps.guava.collect.AbstractSequentialIterator
android.support.test.espresso.web.internal.deps.guava.collect.ByFunctionOrdering,androidx.test.espresso.web.internal.deps.guava.collect.ByFunctionOrdering
android.support.test.espresso.web.internal.deps.guava.collect.Collections2,androidx.test.espresso.web.internal.deps.guava.collect.Collections2
android.support.test.espresso.web.internal.deps.guava.collect.CollectPreconditions,androidx.test.espresso.web.internal.deps.guava.collect.CollectPreconditions
android.support.test.espresso.web.internal.deps.guava.collect.ComparatorOrdering,androidx.test.espresso.web.internal.deps.guava.collect.ComparatorOrdering
android.support.test.espresso.web.internal.deps.guava.collect.Cut,androidx.test.espresso.web.internal.deps.guava.collect.Cut
android.support.test.espresso.web.internal.deps.guava.collect.FluentIterable,androidx.test.espresso.web.internal.deps.guava.collect.FluentIterable
android.support.test.espresso.web.internal.deps.guava.collect.ForwardingObject,androidx.test.espresso.web.internal.deps.guava.collect.ForwardingObject
android.support.test.espresso.web.internal.deps.guava.collect.Hashing,androidx.test.espresso.web.internal.deps.guava.collect.Hashing
android.support.test.espresso.web.internal.deps.guava.collect.ImmutableCollection,androidx.test.espresso.web.internal.deps.guava.collect.ImmutableCollection
android.support.test.espresso.web.internal.deps.guava.collect.ImmutableList,androidx.test.espresso.web.internal.deps.guava.collect.ImmutableList
android.support.test.espresso.web.internal.deps.guava.collect.ImmutableMap,androidx.test.espresso.web.internal.deps.guava.collect.ImmutableMap
android.support.test.espresso.web.internal.deps.guava.collect.ImmutableSet,androidx.test.espresso.web.internal.deps.guava.collect.ImmutableSet
android.support.test.espresso.web.internal.deps.guava.collect.Iterables,androidx.test.espresso.web.internal.deps.guava.collect.Iterables
android.support.test.espresso.web.internal.deps.guava.collect.Iterators,androidx.test.espresso.web.internal.deps.guava.collect.Iterators
android.support.test.espresso.web.internal.deps.guava.collect.Lists,androidx.test.espresso.web.internal.deps.guava.collect.Lists
android.support.test.espresso.web.internal.deps.guava.collect.Maps,androidx.test.espresso.web.internal.deps.guava.collect.Maps
android.support.test.espresso.web.internal.deps.guava.collect.ObjectArrays,androidx.test.espresso.web.internal.deps.guava.collect.ObjectArrays
android.support.test.espresso.web.internal.deps.guava.collect.Ordering,androidx.test.espresso.web.internal.deps.guava.collect.Ordering
android.support.test.espresso.web.internal.deps.guava.collect.Platform,androidx.test.espresso.web.internal.deps.guava.collect.Platform
android.support.test.espresso.web.internal.deps.guava.collect.Range,androidx.test.espresso.web.internal.deps.guava.collect.Range
android.support.test.espresso.web.internal.deps.guava.collect.RangeGwtSerializationDependencies,androidx.test.espresso.web.internal.deps.guava.collect.RangeGwtSerializationDependencies
android.support.test.espresso.web.internal.deps.guava.collect.RegularImmutableList,androidx.test.espresso.web.internal.deps.guava.collect.RegularImmutableList
android.support.test.espresso.web.internal.deps.guava.collect.RegularImmutableSet,androidx.test.espresso.web.internal.deps.guava.collect.RegularImmutableSet
android.support.test.espresso.web.internal.deps.guava.collect.Sets,androidx.test.espresso.web.internal.deps.guava.collect.Sets
android.support.test.espresso.web.internal.deps.guava.collect.SingletonImmutableSet,androidx.test.espresso.web.internal.deps.guava.collect.SingletonImmutableSet
android.support.test.espresso.web.internal.deps.guava.collect.TransformedIterator,androidx.test.espresso.web.internal.deps.guava.collect.TransformedIterator
android.support.test.espresso.web.internal.deps.guava.collect.UnmodifiableIterator,androidx.test.espresso.web.internal.deps.guava.collect.UnmodifiableIterator
android.support.test.espresso.web.internal.deps.guava.collect.UnmodifiableListIterator,androidx.test.espresso.web.internal.deps.guava.collect.UnmodifiableListIterator
android.support.test.espresso.web.internal.deps.guava.primitives.Booleans,androidx.test.espresso.web.internal.deps.guava.primitives.Booleans
android.support.test.espresso.web.internal.deps.guava.primitives.Ints,androidx.test.espresso.web.internal.deps.guava.primitives.Ints
android.support.test.espresso.web.internal.deps.guava.util.concurrent.AbstractFuture,androidx.test.espresso.web.internal.deps.guava.util.concurrent.AbstractFuture
android.support.test.espresso.web.internal.deps.guava.util.concurrent.AbstractListeningExecutorService,androidx.test.espresso.web.internal.deps.guava.util.concurrent.AbstractListeningExecutorService
android.support.test.espresso.web.internal.deps.guava.util.concurrent.AbstractTransformFuture,androidx.test.espresso.web.internal.deps.guava.util.concurrent.AbstractTransformFuture
android.support.test.espresso.web.internal.deps.guava.util.concurrent.AsyncFunction,androidx.test.espresso.web.internal.deps.guava.util.concurrent.AsyncFunction
android.support.test.espresso.web.internal.deps.guava.util.concurrent.ExecutionList,androidx.test.espresso.web.internal.deps.guava.util.concurrent.ExecutionList
android.support.test.espresso.web.internal.deps.guava.util.concurrent.ForwardingFuture,androidx.test.espresso.web.internal.deps.guava.util.concurrent.ForwardingFuture
android.support.test.espresso.web.internal.deps.guava.util.concurrent.ForwardingListenableFuture,androidx.test.espresso.web.internal.deps.guava.util.concurrent.ForwardingListenableFuture
android.support.test.espresso.web.internal.deps.guava.util.concurrent.Futures,androidx.test.espresso.web.internal.deps.guava.util.concurrent.Futures
android.support.test.espresso.web.internal.deps.guava.util.concurrent.GwtFluentFutureCatchingSpecialization,androidx.test.espresso.web.internal.deps.guava.util.concurrent.GwtFluentFutureCatchingSpecialization
android.support.test.espresso.web.internal.deps.guava.util.concurrent.GwtFuturesCatchingSpecialization,androidx.test.espresso.web.internal.deps.guava.util.concurrent.GwtFuturesCatchingSpecialization
android.support.test.espresso.web.internal.deps.guava.util.concurrent.InterruptibleTask,androidx.test.espresso.web.internal.deps.guava.util.concurrent.InterruptibleTask
android.support.test.espresso.web.internal.deps.guava.util.concurrent.ListenableFuture,androidx.test.espresso.web.internal.deps.guava.util.concurrent.ListenableFuture
android.support.test.espresso.web.internal.deps.guava.util.concurrent.ListenableFutureTask,androidx.test.espresso.web.internal.deps.guava.util.concurrent.ListenableFutureTask
android.support.test.espresso.web.internal.deps.guava.util.concurrent.ListenableScheduledFuture,androidx.test.espresso.web.internal.deps.guava.util.concurrent.ListenableScheduledFuture
android.support.test.espresso.web.internal.deps.guava.util.concurrent.ListeningExecutorService,androidx.test.espresso.web.internal.deps.guava.util.concurrent.ListeningExecutorService
android.support.test.espresso.web.internal.deps.guava.util.concurrent.MoreExecutors,androidx.test.espresso.web.internal.deps.guava.util.concurrent.MoreExecutors
android.support.test.espresso.web.internal.deps.guava.util.concurrent.SettableFuture,androidx.test.espresso.web.internal.deps.guava.util.concurrent.SettableFuture
android.support.test.espresso.web.internal.deps.guava.util.concurrent.ThreadFactoryBuilder,androidx.test.espresso.web.internal.deps.guava.util.concurrent.ThreadFactoryBuilder
android.support.test.espresso.web.internal.deps.guava.util.concurrent.TrustedListenableFutureTask,androidx.test.espresso.web.internal.deps.guava.util.concurrent.TrustedListenableFutureTask
android.support.test.espresso.web.internal.deps.guava.util.concurrent.Uninterruptibles,androidx.test.espresso.web.internal.deps.guava.util.concurrent.Uninterruptibles
android.support.test.internal.runner.AndroidLogOnlyBuilder,androidx.test.internal.runner.AndroidLogOnlyBuilder
android.support.test.internal.runner.AndroidRunnerBuilder,androidx.test.internal.runner.AndroidRunnerBuilder
android.support.test.internal.runner.ClassPathScanner,androidx.test.internal.runner.ClassPathScanner
android.support.test.internal.runner.hidden.ExposedInstrumentationApi,androidx.test.internal.runner.hidden.ExposedInstrumentationApi
android.support.test.internal.runner.InstrumentationConnection,androidx.test.internal.runner.InstrumentationConnection
android.support.test.internal.runner.intent.IntentMonitorImpl,androidx.test.internal.runner.intent.IntentMonitorImpl
android.support.test.internal.runner.intercepting.DefaultInterceptingActivityFactory,androidx.test.internal.runner.intercepting.DefaultInterceptingActivityFactory
android.support.test.internal.runner.junit3.AndroidJUnit3Builder,androidx.test.internal.runner.junit3.AndroidJUnit3Builder
android.support.test.internal.runner.junit3.AndroidSuiteBuilder,androidx.test.internal.runner.junit3.AndroidSuiteBuilder
android.support.test.internal.runner.junit3.AndroidTestResult,androidx.test.internal.runner.junit3.AndroidTestResult
android.support.test.internal.runner.junit3.AndroidTestSuite,androidx.test.internal.runner.junit3.AndroidTestSuite
android.support.test.internal.runner.junit3.DelegatingFilterableTestSuite,androidx.test.internal.runner.junit3.DelegatingFilterableTestSuite
android.support.test.internal.runner.junit3.DelegatingTestResult,androidx.test.internal.runner.junit3.DelegatingTestResult
android.support.test.internal.runner.junit3.DelegatingTestSuite,androidx.test.internal.runner.junit3.DelegatingTestSuite
android.support.test.internal.runner.junit3.JUnit38ClassRunner,org.junit.internal.runners.JUnit38ClassRunner
android.support.test.internal.runner.junit3.NonExecutingTestResult,androidx.test.internal.runner.junit3.NonExecutingTestResult
android.support.test.internal.runner.junit3.NonExecutingTestSuite,androidx.test.internal.runner.junit3.NonExecutingTestSuite
android.support.test.internal.runner.junit3.NonLeakyTestSuite,androidx.test.internal.runner.junit3.NonLeakyTestSuite
android.support.test.internal.runner.junit4.AndroidAnnotatedBuilder,androidx.test.internal.runner.junit4.AndroidAnnotatedBuilder
android.support.test.internal.runner.junit4.AndroidJUnit4Builder,androidx.test.internal.runner.junit4.AndroidJUnit4Builder
android.support.test.internal.runner.junit4.AndroidJUnit4ClassRunner,androidx.test.internal.runner.junit4.AndroidJUnit4ClassRunner
android.support.test.internal.runner.junit4.statement.RunAfters,androidx.test.internal.runner.junit4.statement.RunAfters
android.support.test.internal.runner.junit4.statement.RunBefores,androidx.test.internal.runner.junit4.statement.RunBefores
android.support.test.internal.runner.junit4.statement.UiThreadStatement,androidx.test.internal.runner.junit4.statement.UiThreadStatement
android.support.test.internal.runner.lifecycle.ActivityLifecycleMonitorImpl,androidx.test.internal.runner.lifecycle.ActivityLifecycleMonitorImpl
android.support.test.internal.runner.lifecycle.ApplicationLifecycleMonitorImpl,androidx.test.internal.runner.lifecycle.ApplicationLifecycleMonitorImpl
android.support.test.internal.runner.listener.ActivityFinisherRunListener,androidx.test.internal.runner.listener.ActivityFinisherRunListener
android.support.test.internal.runner.listener.DelayInjector,androidx.test.internal.runner.listener.DelayInjector
android.support.test.internal.runner.listener.InstrumentationResultPrinter,androidx.test.internal.runner.listener.InstrumentationResultPrinter
android.support.test.internal.runner.listener.InstrumentationRunListener,androidx.test.internal.runner.listener.InstrumentationRunListener
android.support.test.internal.runner.listener.LogRunListener,androidx.test.internal.runner.listener.LogRunListener
android.support.test.internal.runner.listener.SuiteAssignmentPrinter,androidx.test.internal.runner.listener.SuiteAssignmentPrinter
android.support.test.internal.runner.NonExecutingRunner,androidx.test.internal.runner.NonExecutingRunner
android.support.test.internal.runner.RunnerArgs,androidx.test.internal.runner.RunnerArgs
android.support.test.internal.runner.TestExecutor,androidx.test.internal.runner.TestExecutor
android.support.test.internal.runner.TestRequestBuilder,androidx.test.internal.runner.TestRequestBuilder
android.support.test.internal.runner.TestSize,androidx.test.internal.runner.TestSize
android.support.test.internal.runner.tracker.AnalyticsBasedUsageTracker,androidx.test.internal.runner.tracker.AnalyticsBasedUsageTracker
android.support.test.internal.runner.tracker.UsageTracker,androidx.test.internal.runner.tracker.UsageTracker
android.support.test.internal.runner.tracker.UsageTrackerRegistry,androidx.test.internal.runner.tracker.UsageTrackerRegistry
android.support.test.internal.statement.UiThreadStatement,androidx.test.internal.statement.UiThreadStatement
android.support.test.internal.util.AndroidRunnerBuilderUtil,androidx.test.internal.util.AndroidRunnerBuilderUtil
android.support.test.internal.util.AndroidRunnerParams,androidx.test.internal.util.AndroidRunnerParams
android.support.test.internal.util.LogUtil,androidx.test.internal.util.LogUtil
android.support.test.internal.util.ParcelableIBinder,androidx.test.internal.util.ParcelableIBinder
android.support.test.jank.internal.FrameStatsMonitorBase,androidx.test.jank.internal.FrameStatsMonitorBase
android.support.test.jank.internal.GfxMonitorImpl,androidx.test.jank.internal.GfxMonitorImpl
android.support.test.jank.internal.JankMonitor,androidx.test.jank.internal.JankMonitor
android.support.test.jank.internal.JankMonitorFactory,androidx.test.jank.internal.JankMonitorFactory
android.support.test.jank.internal.MetricsHelper,androidx.test.jank.internal.MetricsHelper
android.support.test.jank.internal.WindowAnimationFrameStatsMonitorImpl,androidx.test.jank.internal.WindowAnimationFrameStatsMonitorImpl
android.support.test.jank.internal.WindowContentFrameStatsMonitorImpl,androidx.test.jank.internal.WindowContentFrameStatsMonitorImpl
android.support.test.janktesthelper.v21.BuildConfig,androidx.test.janktesthelper.v21.BuildConfig
android.support.test.orchestrator.AndroidTestOrchestrator,androidx.test.orchestrator.AndroidTestOrchestrator
android.support.test.orchestrator.CallbackLogic,androidx.test.orchestrator.CallbackLogic
android.support.test.orchestrator.listeners.OrchestrationResult,androidx.test.orchestrator.listeners.OrchestrationResult
android.support.test.orchestrator.listeners.OrchestrationResultPrinter,androidx.test.orchestrator.listeners.OrchestrationResultPrinter
android.support.test.orchestrator.listeners.TextListener,androidx.test.orchestrator.listeners.TextListener
android.support.test.orchestrator.Orchestrator,androidx.test.orchestrator.Orchestrator
android.support.test.orchestrator.OrchestratorService,androidx.test.orchestrator.OrchestratorService
android.support.test.orchestrator.TestRunnable,androidx.test.orchestrator.TestRunnable
android.support.test.runner.internal.deps.aidl.BaseProxy,androidx.test.runner.internal.deps.aidl.BaseProxy
android.support.test.runner.internal.deps.aidl.Codecs,androidx.test.runner.internal.deps.aidl.Codecs
android.support.test.services.shellexecutor.BlockingFind,androidx.test.services.shellexecutor.BlockingFind
android.support.test.services.shellexecutor.BlockingPublish,androidx.test.services.shellexecutor.BlockingPublish
android.support.test.services.shellexecutor.Command,androidx.test.services.shellexecutor.Command
android.support.test.services.shellexecutor.ShellCommand,androidx.test.services.shellexecutor.ShellCommand
android.support.test.services.shellexecutor.ShellCommandClient,androidx.test.services.shellexecutor.ShellCommandClient
android.support.test.services.shellexecutor.ShellCommandExecutor,androidx.test.services.shellexecutor.ShellCommandExecutor
android.support.test.services.shellexecutor.ShellCommandExecutorServer,androidx.test.services.shellexecutor.ShellCommandExecutorServer
android.support.test.services.shellexecutor.ShellExecSharedConstants,androidx.test.services.shellexecutor.ShellExecSharedConstants
android.support.test.services.shellexecutor.ShellMain,androidx.test.services.shellexecutor.ShellMain
android.support.test.services.speakeasy.client.AppConnection,androidx.test.services.speakeasy.client.AppConnection
android.support.test.services.speakeasy.client.Connection,androidx.test.services.speakeasy.client.Connection
android.support.test.services.speakeasy.client.FindResultReceiver,androidx.test.services.speakeasy.client.FindResultReceiver
android.support.test.services.speakeasy.client.PublishResultReceiver,androidx.test.services.speakeasy.client.PublishResultReceiver
android.support.test.services.speakeasy.client.ToolConnection,androidx.test.services.speakeasy.client.ToolConnection
android.support.test.services.speakeasy.server.SpeakEasy,androidx.test.services.speakeasy.server.SpeakEasy
android.support.test.services.speakeasy.server.SpeakEasyContentProvider,androidx.test.services.speakeasy.server.SpeakEasyContentProvider
android.support.test.services.speakeasy.server.SpeakEasyService,androidx.test.services.speakeasy.server.SpeakEasyService
android.support.test.services.speakeasy.SpeakEasyProtocol,androidx.test.services.speakeasy.SpeakEasyProtocol
android.support.test.uiautomator.v18.BuildConfig,androidx.test.uiautomator.v18.BuildConfig
android.support.v4.graphics.drawable.IconCompatParcelizer,androidx.core.graphics.drawable.IconCompatParcelizer
android.support.v4.media.AudioAttributesCompatParcelizer,androidx.media.AudioAttributesCompatParcelizer
android.support.v4.media.AudioAttributesImplApi21Parcelizer,androidx.media.AudioAttributesImplApi21Parcelizer
android.support.v4.media.AudioAttributesImplApi26Parcelizer,androidx.media.AudioAttributesImplApi26Parcelizer
android.support.v4.media.AudioAttributesImplBase,androidx.media.AudioAttributesImplBase
android.support.v4.media.AudioAttributesImplBaseParcelizer,androidx.media.AudioAttributesImplBaseParcelizer
android.support.wearable.complications.ComplicationHelperActivity,androidx.wear.watchface.ComplicationHelperActivity
android.support.wearable.complications.ComplicationProviderService,androidx.wear.complications.ComplicationProviderService
android.support.wearable.complications.ProviderUpdateRequester,androidx.wear.complications.ProviderUpdateRequester
android.support.wearable.complications.rendering.ComplicationDrawable,androidx.wear.watchface.complications.rendering.ComplicationDrawable
android.support.wearable.complications.rendering.ComplicationRenderer,androidx.wear.watchface.complications.rendering.ComplicationRenderer
android.support.wearable.complications.rendering.EmojiHelper,androidx.wear.watchface.complications.rendering.EmojiHelper
android.support.wearable.complications.rendering.RoundedDrawable,androidx.wear.watchface.complications.rendering.RoundedDrawable
android.support.wearable.complications.rendering.TextRenderer,androidx.wear.watchface.complications.rendering.TextRenderer
android.support.wearable.complications.rendering.utils.IconLayoutHelper,androidx.wear.watchface.complications.rendering.utils.IconLayoutHelper
android.support.wearable.complications.rendering.utils.LargeImageLayoutHelper,androidx.wear.watchface.complications.rendering.utils.LargeImageLayoutHelper
android.support.wearable.complications.rendering.utils.LayoutHelper,androidx.wear.watchface.complications.rendering.utils.LayoutHelper
android.support.wearable.complications.rendering.utils.LayoutUtils,androidx.wear.watchface.complications.rendering.utils.LayoutUtils
android.support.wearable.complications.rendering.utils.LongTextLayoutHelper,androidx.wear.watchface.complications.rendering.utils.LongTextLayoutHelper
android.support.wearable.complications.rendering.utils.RangedValueLayoutHelper,androidx.wear.watchface.complications.rendering.utils.RangedValueLayoutHelper
android.support.wearable.complications.rendering.utils.ShortTextLayoutHelper,androidx.wear.watchface.complications.rendering.utils.ShortTextLayoutHelper
android.support.wearable.complications.rendering.utils.SmallImageLayoutHelper,androidx.wear.watchface.complications.rendering.utils.SmallImageLayoutHelper
android.support.wearable.input.WearableButtons,androidx.wear.input.WearableButtons
android.support.wearable.internal.aidl.BaseProxy,androidx.test.runner.internal.deps.aidl.BaseProxy
android.support.wearable.internal.aidl.Codecs,androidx.test.runner.internal.deps.aidl.Codecs
android.support.wearable.internal.SharedLibraryVersion,androidx.wear.input.SharedLibraryVersion
android.support.wearable.notifications.BridgingConfig,androidx.wear.phone.interactions.notifications.BridgingConfig
android.support.wearable.notifications.BridgingManager,androidx.wear.phone.interactions.notifications.BridgingManager
android.support.wearable.watchface.accessibility.ContentDescriptionLabel,androidx.wear.watchface.ContentDescriptionLabel
