support,androidx,similarity
android.support.test.espresso.remote.internal.deps.protobuf.NewInstanceSchema,androidx.datastore.preferences.protobuf.NewInstanceSchema,100.0%
android.support.test.espresso.web.internal.deps.guava.util.concurrent.AbstractListeningExecutorService,androidx.test.espresso.web.internal.deps.guava.util.concurrent.AbstractListeningExecutorService,100.0%
android.support.constraint.ConstraintsChangedListener,androidx.constraintlayout.widget.ConstraintsChangedListener,100.0%
android.support.test.espresso.core.internal.deps.guava.cache.RemovalCause,androidx.test.espresso.remote.internal.deps.guava.cache.RemovalCause,99.92%
android.support.test.espresso.web.internal.deps.guava.base.AbstractIterator,androidx.test.espresso.core.internal.deps.guava.base.AbstractIterator,99.9%
android.support.test.espresso.core.internal.deps.guava.base.Preconditions,androidx.test.espresso.core.internal.deps.guava.base.Preconditions,98.45%
android.support.wearable.internal.SharedLibraryVersion,androidx.wear.input.SharedLibraryVersion,99.6%
android.support.test.espresso.remote.internal.deps.guava.collect.ForwardingObject,androidx.test.espresso.remote.internal.deps.guava.collect.ForwardingObject,100.0%
android.support.test.espresso.core.internal.deps.guava.cache.ForwardingCache,androidx.test.espresso.remote.internal.deps.guava.cache.ForwardingCache,99.53999999999999%
android.support.test.espresso.remote.internal.deps.aidl.BaseStub,androidx.test.espresso.remote.internal.deps.aidl.BaseStub,99.25%
android.support.test.espresso.remote.internal.deps.guava.cache.CacheBuilder,androidx.test.espresso.remote.internal.deps.guava.cache.CacheBuilder,99.79%
android.support.test.espresso.web.internal.deps.guava.util.concurrent.AbstractTransformFuture,androidx.test.espresso.web.internal.deps.guava.util.concurrent.AbstractTransformFuture,97.54%
android.support.test.espresso.remote.internal.deps.protobuf.Reader,com.google.protobuf.Reader,100.0%
android.support.test.internal.runner.RunnerArgs,androidx.test.internal.runner.RunnerArgs,96.93%
android.support.test.espresso.core.internal.deps.guava.collect.Platform,androidx.test.espresso.remote.internal.deps.guava.collect.Platform,97.71%
android.support.test.espresso.core.internal.deps.guava.base.Absent,androidx.test.espresso.web.internal.deps.guava.base.Absent,100.0%
android.support.test.espresso.core.internal.deps.guava.util.concurrent.ThreadFactoryBuilder,androidx.test.espresso.core.internal.deps.guava.util.concurrent.ThreadFactoryBuilder,99.97%
android.support.test.espresso.web.internal.deps.guava.base.Equivalence,androidx.test.espresso.core.internal.deps.guava.base.Equivalence,100.0%
android.support.test.jank.internal.WindowContentFrameStatsMonitorImpl,androidx.test.jank.internal.WindowContentFrameStatsMonitorImpl,100.0%
android.support.test.espresso.web.internal.deps.guava.cache.ForwardingCache,androidx.test.espresso.remote.internal.deps.guava.cache.ForwardingCache,99.53999999999999%
android.support.test.jank.internal.JankMonitorFactory,androidx.test.jank.internal.JankMonitorFactory,99.51%
android.support.test.espresso.remote.internal.deps.guava.math.IntMath,androidx.test.espresso.remote.internal.deps.guava.math.IntMath,100.0%
android.support.test.espresso.core.internal.deps.guava.collect.RegularImmutableList,androidx.test.espresso.web.internal.deps.guava.collect.RegularImmutableList,99.56%
android.support.test.espresso.web.internal.deps.guava.base.Predicate,androidx.test.espresso.remote.internal.deps.guava.base.Predicate,100.0%
android.support.test.espresso.remote.internal.deps.protobuf.FieldType,androidx.test.espresso.remote.internal.deps.protobuf.FieldType,99.99%
android.support.test.espresso.remote.internal.deps.guava.base.Joiner,androidx.test.espresso.remote.internal.deps.guava.base.Joiner,99.05000000000001%
android.support.test.espresso.remote.internal.deps.guava.collect.ObjectArrays,androidx.test.espresso.web.internal.deps.guava.collect.ObjectArrays,99.94%
android.support.test.espresso.remote.internal.deps.protobuf.RawMessageInfo,androidx.wear.tiles.protobuf.RawMessageInfo,100.0%
android.support.test.orchestrator.listeners.TextListener,androidx.test.orchestrator.listeners.TextListener,98.79%
android.support.media2.subtitle.SubtitleView,androidx.media2.subtitle.SubtitleView,99.91%
android.support.test.espresso.core.internal.deps.guava.collect.UnmodifiableIterator,androidx.test.espresso.remote.internal.deps.guava.collect.UnmodifiableIterator,100.0%
android.support.test.espresso.core.internal.deps.guava.collect.Maps,androidx.test.espresso.web.internal.deps.guava.collect.Maps,99.21%
android.support.test.espresso.remote.internal.deps.protobuf.UnsafeUtil,androidx.wear.tiles.protobuf.UnsafeUtil,98.54%
android.support.test.espresso.remote.internal.deps.guava.collect.SingletonImmutableSet,com.google.common.collect.SingletonImmutableSet,97.47%
android.support.test.services.shellexecutor.ShellExecSharedConstants,androidx.test.services.shellexecutor.ShellExecSharedConstants,100.0%
android.support.test.espresso.remote.internal.deps.protobuf.NioByteString,androidx.test.espresso.remote.internal.deps.protobuf.NioByteString,99.44%
android.support.test.espresso.core.internal.deps.guava.util.concurrent.ExecutionList,androidx.test.espresso.core.internal.deps.guava.util.concurrent.ExecutionList,96.53%
android.support.test.espresso.remote.internal.deps.guava.collect.AbstractIndexedListIterator,androidx.test.espresso.web.internal.deps.guava.collect.AbstractIndexedListIterator,100.0%
android.support.test.espresso.core.internal.deps.guava.primitives.Ints,androidx.test.espresso.web.internal.deps.guava.primitives.Ints,100.0%
android.support.test.internal.runner.junit3.JUnit38ClassRunner,org.junit.internal.runners.JUnit38ClassRunner,99.55000000000001%
android.support.test.espresso.web.internal.deps.guava.collect.ObjectArrays,androidx.test.espresso.web.internal.deps.guava.collect.ObjectArrays,99.94%
android.support.test.services.speakeasy.server.SpeakEasy,androidx.test.services.speakeasy.server.SpeakEasy,99.26%
android.support.test.jank.internal.JankMonitor,androidx.test.jank.internal.JankMonitor,100.0%
android.support.test.espresso.remote.internal.deps.protobuf.ProtoSyntax,androidx.test.espresso.remote.internal.deps.protobuf.ProtoSyntax,99.78%
android.support.test.espresso.remote.internal.deps.protobuf.ListFieldSchema,androidx.glance.appwidget.proto.ListFieldSchema,98.65%
android.support.test.espresso.web.internal.deps.guava.collect.ImmutableCollection,androidx.test.espresso.core.internal.deps.guava.collect.ImmutableCollection,98.28%
android.support.test.janktesthelper.v21.BuildConfig,androidx.test.janktesthelper.v21.BuildConfig,100.0%
android.support.test.espresso.web.internal.deps.guava.util.concurrent.ListenableFuture,androidx.concurrent.ListenableFuture,100.0%
android.support.test.services.speakeasy.server.SpeakEasyContentProvider,androidx.test.services.speakeasy.server.SpeakEasyContentProvider,98.17%
android.support.test.espresso.web.internal.deps.guava.base.Supplier,androidx.core.util.Supplier,100.0%
android.support.constraint.solver.PriorityGoalRow,androidx.constraintlayout.solver.PriorityGoalRow,100.0%
android.support.test.espresso.core.internal.deps.guava.util.concurrent.Uninterruptibles,androidx.test.espresso.core.internal.deps.guava.util.concurrent.Uninterruptibles,98.33%
android.support.constraint.motion.MotionHelper,androidx.constraintlayout.motion.widget.MotionHelper,99.24%
android.support.test.jank.internal.WindowAnimationFrameStatsMonitorImpl,androidx.test.jank.internal.WindowAnimationFrameStatsMonitorImpl,100.0%
android.support.test.espresso.core.internal.deps.guava.collect.Lists,androidx.test.espresso.web.internal.deps.guava.collect.Lists,99.96000000000001%
android.support.test.espresso.remote.internal.deps.protobuf.FieldSet,androidx.test.espresso.remote.internal.deps.protobuf.FieldSet,98.99%
android.support.test.espresso.remote.internal.deps.guava.base.Platform,com.google.common.base.Platform,97.99%
android.support.constraint.solver.state.helpers.VerticalChainReference,androidx.constraintlayout.solver.state.helpers.VerticalChainReference,100.0%
android.support.test.espresso.remote.internal.deps.protobuf.GeneratedExtensionRegistryLoader,androidx.test.espresso.remote.internal.deps.protobuf.GeneratedExtensionRegistryLoader,98.98%
android.support.test.espresso.remote.internal.deps.protobuf.MutableMessageLite,com.google.protobuf.MutableMessageLite,100.0%
android.support.test.espresso.core.internal.deps.guava.cache.Weigher,androidx.test.espresso.core.internal.deps.guava.cache.Weigher,100.0%
android.support.test.espresso.remote.internal.deps.guava.util.concurrent.GwtFuturesCatchingSpecialization,androidx.test.espresso.core.internal.deps.guava.util.concurrent.GwtFuturesCatchingSpecialization,100.0%
android.support.test.espresso.remote.internal.deps.protobuf.AnyOrBuilder,androidx.test.espresso.remote.internal.deps.protobuf.AnyOrBuilder,100.0%
android.support.test.espresso.remote.internal.deps.protobuf.PrimitiveNonBoxingCollection,androidx.test.espresso.remote.internal.deps.protobuf.PrimitiveNonBoxingCollection,100.0%
android.support.test.services.speakeasy.client.FindResultReceiver,androidx.test.services.speakeasy.client.FindResultReceiver,97.72999999999999%
android.support.test.espresso.core.internal.deps.guava.collect.TransformedIterator,androidx.test.espresso.web.internal.deps.guava.collect.TransformedIterator,100.0%
android.support.test.espresso.web.internal.deps.guava.cache.CacheBuilder,androidx.test.espresso.web.internal.deps.guava.cache.CacheBuilder,99.79%
android.support.test.espresso.web.internal.deps.guava.util.concurrent.Uninterruptibles,androidx.test.espresso.core.internal.deps.guava.util.concurrent.Uninterruptibles,98.33%
android.support.constraint.solver.state.helpers.ChainReference,androidx.constraintlayout.solver.state.helpers.ChainReference,100.0%
android.support.constraint.solver.widgets.analyzer.GuidelineReference,androidx.constraintlayout.core.widgets.analyzer.GuidelineReference,100.0%
android.support.constraint.utils.MockView,androidx.constraintlayout.utils.widget.MockView,100.0%
android.support.test.services.speakeasy.client.AppConnection,androidx.test.services.speakeasy.client.AppConnection,98.78%
android.support.constraint.motion.TouchResponse,androidx.constraintlayout.motion.widget.TouchResponse,99.33999999999999%
android.support.media2.subtitle.MediaTimeProvider,androidx.media2.widget.MediaTimeProvider,100.0%
android.support.test.espresso.core.internal.deps.guava.cache.Striped64,androidx.test.espresso.core.internal.deps.guava.cache.Striped64,99.92999999999999%
android.support.test.espresso.remote.internal.deps.guava.util.concurrent.AbstractTransformFuture,androidx.test.espresso.web.internal.deps.guava.util.concurrent.AbstractTransformFuture,97.54%
android.support.test.services.shellexecutor.ShellCommandClient,androidx.test.services.shellexecutor.ShellCommandClient,95.17999999999999%
android.support.test.espresso.remote.internal.deps.protobuf.BlazeGeneratedExtensionRegistryLiteLoader,com.google.protobuf.BlazeGeneratedExtensionRegistryLiteLoader,95.24000000000001%
android.support.test.espresso.core.internal.deps.guava.collect.Cut,androidx.test.espresso.web.internal.deps.guava.collect.Cut,99.96000000000001%
android.support.test.espresso.core.internal.deps.guava.collect.AbstractSequentialIterator,androidx.test.espresso.core.internal.deps.guava.collect.AbstractSequentialIterator,99.36%
android.support.test.internal.statement.UiThreadStatement,androidx.test.internal.statement.UiThreadStatement,96.05%
android.support.test.internal.runner.hidden.ExposedInstrumentationApi,androidx.test.internal.runner.hidden.ExposedInstrumentationApi,100.0%
android.support.test.espresso.remote.internal.deps.protobuf.CodedInputStreamReader,androidx.datastore.preferences.protobuf.CodedInputStreamReader,99.99%
android.support.test.espresso.core.internal.deps.guava.collect.Ordering,androidx.test.espresso.remote.internal.deps.guava.collect.Ordering,100.0%
android.support.wearable.complications.rendering.utils.LayoutUtils,androidx.wear.watchface.complications.rendering.utils.LayoutUtils,100.0%
android.support.constraint.motion.KeyTimeCycle,androidx.constraintlayout.motion.widget.KeyTimeCycle,99.83%
android.support.test.espresso.remote.internal.deps.guava.base.ExtraObjectsMethodsForWeb,androidx.test.espresso.core.internal.deps.guava.base.ExtraObjectsMethodsForWeb,100.0%
android.support.test.espresso.web.internal.deps.guava.collect.UnmodifiableIterator,androidx.test.espresso.remote.internal.deps.guava.collect.UnmodifiableIterator,100.0%
android.support.test.espresso.remote.internal.deps.protobuf.ManifestSchemaFactory,androidx.test.espresso.remote.internal.deps.protobuf.ManifestSchemaFactory,99.25%
android.support.test.espresso.remote.internal.deps.protobuf.UnmodifiableLazyStringList,com.google.protobuf.UnmodifiableLazyStringList,99.96000000000001%
android.support.test.espresso.core.internal.deps.guava.base.AbstractIterator,androidx.test.espresso.core.internal.deps.guava.base.AbstractIterator,99.9%
android.support.wearable.complications.rendering.EmojiHelper,androidx.wear.watchface.complications.rendering.EmojiHelper,100.0%
android.support.test.espresso.core.internal.deps.guava.collect.RangeGwtSerializationDependencies,androidx.test.espresso.core.internal.deps.guava.collect.RangeGwtSerializationDependencies,100.0%
android.support.test.BuildConfig,androidx.test.janktesthelper.v21.BuildConfig,100.0%
android.support.wearable.complications.rendering.utils.LongTextLayoutHelper,androidx.wear.watchface.complications.rendering.utils.LongTextLayoutHelper,100.0%
android.support.test.espresso.remote.internal.deps.aidl.Codecs,androidx.test.espresso.remote.internal.deps.aidl.Codecs,95.41%
android.support.test.espresso.remote.internal.deps.guava.util.concurrent.ForwardingFuture,androidx.test.espresso.web.internal.deps.guava.util.concurrent.ForwardingFuture,99.77000000000001%
android.support.test.espresso.web.internal.deps.guava.collect.FluentIterable,androidx.test.espresso.web.internal.deps.guava.collect.FluentIterable,100.0%
android.support.constraint.utils.MotionTelltales,androidx.constraintlayout.utils.widget.MotionTelltales,100.0%
android.support.test.internal.runner.TestSize,androidx.test.internal.runner.TestSize,98.96000000000001%
android.support.test.espresso.core.internal.deps.guava.base.Predicate,androidx.test.espresso.remote.internal.deps.guava.base.Predicate,100.0%
android.support.test.espresso.remote.internal.deps.protobuf.ExtensionSchema,androidx.datastore.preferences.protobuf.ExtensionSchema,100.0%
android.support.test.espresso.remote.internal.deps.protobuf.NewInstanceSchemas,androidx.test.espresso.remote.internal.deps.protobuf.NewInstanceSchemas,100.0%
android.support.constraint.motion.MotionPaths,androidx.constraintlayout.motion.widget.MotionPaths,98.72999999999999%
android.support.test.espresso.core.internal.deps.guava.collect.ObjectArrays,androidx.test.espresso.web.internal.deps.guava.collect.ObjectArrays,99.94%
android.support.constraint.motion.CustomFloatAttributes,androidx.constraintlayout.motion.widget.CustomFloatAttributes,100.0%
android.support.test.espresso.remote.internal.deps.protobuf.StructuralMessageInfo,androidx.test.espresso.remote.internal.deps.protobuf.StructuralMessageInfo,100.0%
android.support.test.espresso.remote.internal.deps.guava.collect.AbstractSequentialIterator,androidx.test.espresso.core.internal.deps.guava.collect.AbstractSequentialIterator,99.36%
android.support.test.espresso.web.internal.deps.guava.collect.RegularImmutableMap,com.google.common.collect.RegularImmutableMap,95.19999999999999%
android.support.test.internal.runner.listener.InstrumentationResultPrinter,androidx.test.internal.runner.listener.InstrumentationResultPrinter,96.58%
android.support.test.espresso.web.internal.deps.guava.base.Platform,com.google.common.base.Platform,97.99%
android.support.media2.subtitle.Cea608CCParser,androidx.media2.subtitle.Cea608CCParser,100.0%
android.support.test.espresso.remote.internal.deps.protobuf.MapFieldSchema,com.google.protobuf.MapFieldSchema,100.0%
android.support.test.espresso.web.internal.deps.guava.collect.Platform,androidx.test.espresso.remote.internal.deps.guava.collect.Platform,97.71%
android.support.test.espresso.remote.internal.deps.guava.collect.Cut,androidx.test.espresso.web.internal.deps.guava.collect.Cut,99.96000000000001%
android.support.constraint.motion.utils.Easing,androidx.constraintlayout.core.motion.utils.Easing,99.47%
android.support.test.espresso.core.internal.deps.guava.collect.ImmutableSet,androidx.test.espresso.core.internal.deps.guava.collect.ImmutableSet,99.71%
android.support.test.espresso.web.internal.deps.guava.base.Function,com.google.common.base.Function,100.0%
android.support.test.espresso.web.internal.deps.guava.collect.Hashing,androidx.test.espresso.web.internal.deps.guava.collect.Hashing,100.0%
android.support.test.espresso.remote.internal.deps.protobuf.Any,androidx.test.espresso.remote.internal.deps.protobuf.Any,99.53999999999999%
android.support.constraint.motion.ProxyInterface,androidx.constraintlayout.motion.widget.ProxyInterface,100.0%
android.support.test.espresso.remote.internal.deps.guava.collect.UnmodifiableListIterator,androidx.test.espresso.core.internal.deps.guava.collect.UnmodifiableListIterator,100.0%
android.support.test.jank.internal.FrameStatsMonitorBase,androidx.test.jank.internal.FrameStatsMonitorBase,100.0%
android.support.test.espresso.remote.internal.deps.guava.util.concurrent.AsyncFunction,androidx.test.espresso.web.internal.deps.guava.util.concurrent.AsyncFunction,100.0%
android.support.test.espresso.remote.internal.deps.guava.collect.ImmutableCollection,androidx.test.espresso.core.internal.deps.guava.collect.ImmutableCollection,98.28%
android.support.test.espresso.web.internal.deps.guava.collect.Cut,androidx.test.espresso.web.internal.deps.guava.collect.Cut,99.96000000000001%
android.support.test.espresso.core.internal.deps.guava.base.Function,com.google.common.base.Function,100.0%
android.support.test.espresso.remote.internal.deps.guava.collect.ImmutableList,androidx.test.espresso.remote.internal.deps.guava.collect.ImmutableList,99.99%
android.support.test.espresso.remote.internal.deps.protobuf.MessageLiteToString,androidx.glance.appwidget.proto.MessageLiteToString,96.5%
android.support.test.espresso.core.internal.deps.guava.util.concurrent.ListenableFuture,androidx.concurrent.ListenableFuture,100.0%
android.support.constraint.solver.widgets.analyzer.Dependency,androidx.constraintlayout.solver.widgets.analyzer.Dependency,100.0%
android.support.test.espresso.remote.internal.deps.guava.cache.LongAddables,androidx.test.espresso.remote.internal.deps.guava.cache.LongAddables,100.0%
android.support.test.espresso.core.internal.deps.guava.base.Equivalence,androidx.test.espresso.core.internal.deps.guava.base.Equivalence,100.0%
android.support.test.espresso.core.internal.deps.guava.base.Ticker,androidx.test.espresso.core.internal.deps.guava.base.Ticker,100.0%
android.support.test.espresso.remote.internal.deps.guava.cache.ReferenceEntry,androidx.test.espresso.remote.internal.deps.guava.cache.ReferenceEntry,100.0%
android.support.test.espresso.remote.internal.deps.aidl.BaseProxy,androidx.test.runner.internal.deps.aidl.BaseProxy,100.0%
android.support.test.espresso.core.internal.deps.guava.cache.CacheStats,androidx.test.espresso.remote.internal.deps.guava.cache.CacheStats,100.0%
android.support.test.espresso.remote.internal.deps.protobuf.Parser,androidx.test.espresso.remote.internal.deps.protobuf.Parser,100.0%
android.support.test.espresso.remote.internal.deps.guava.collect.AbstractIterator,androidx.test.espresso.remote.internal.deps.guava.collect.AbstractIterator,99.82%
android.support.constraint.solver.state.Dimension,androidx.constraintlayout.solver.state.Dimension,100.0%
android.support.constraint.ConstraintLayoutStates,androidx.constraintlayout.widget.ConstraintLayoutStates,99.92%
android.support.test.internal.runner.junit4.statement.RunBefores,androidx.test.internal.runner.junit4.statement.RunBefores,98.63%
android.support.wearable.complications.rendering.utils.LargeImageLayoutHelper,androidx.wear.watchface.complications.rendering.utils.LargeImageLayoutHelper,100.0%
android.support.wearable.complications.rendering.utils.LayoutHelper,androidx.wear.watchface.complications.rendering.utils.LayoutHelper,100.0%
android.support.test.espresso.remote.internal.deps.guava.base.Predicate,androidx.test.espresso.remote.internal.deps.guava.base.Predicate,100.0%
android.support.constraint.StateSet,androidx.constraintlayout.widget.StateSet,99.77000000000001%
android.support.test.orchestrator.CallbackLogic,androidx.test.orchestrator.CallbackLogic,99.38%
android.support.test.runner.internal.deps.aidl.BaseStub,androidx.test.espresso.remote.internal.deps.aidl.BaseStub,99.25%
android.support.test.espresso.core.internal.deps.guava.cache.Cache,androidx.test.espresso.web.internal.deps.guava.cache.Cache,100.0%
android.support.constraint.utils.ImageFilterButton,androidx.constraintlayout.utils.widget.ImageFilterButton,97.86%
android.support.test.espresso.core.internal.deps.guava.util.concurrent.GwtFuturesCatchingSpecialization,androidx.test.espresso.core.internal.deps.guava.util.concurrent.GwtFuturesCatchingSpecialization,100.0%
android.support.multidex.instrumentation.BuildConfig,androidx.test.janktesthelper.v21.BuildConfig,100.0%
android.support.constraint.solver.state.State,androidx.constraintlayout.solver.state.State,99.97%
android.support.test.espresso.web.internal.deps.guava.collect.ByFunctionOrdering,com.google.common.collect.ByFunctionOrdering,97.07000000000001%
android.support.constraint.motion.utils.ArcCurveFit,androidx.constraintlayout.core.motion.utils.ArcCurveFit,99.33%
android.support.test.orchestrator.listeners.OrchestrationResultPrinter,androidx.test.orchestrator.listeners.OrchestrationResultPrinter,97.74000000000001%
android.support.constraint.solver.widgets.Flow,androidx.constraintlayout.solver.widgets.Flow,100.0%
android.support.constraint.solver.widgets.VirtualLayout,androidx.constraintlayout.solver.widgets.VirtualLayout,100.0%
android.support.constraint.solver.state.helpers.HorizontalChainReference,androidx.constraintlayout.solver.state.helpers.HorizontalChainReference,100.0%
android.support.constraint.solver.widgets.analyzer.DependencyGraph,androidx.constraintlayout.solver.widgets.analyzer.DependencyGraph,100.0%
android.support.test.espresso.web.internal.deps.guava.base.Absent,androidx.test.espresso.web.internal.deps.guava.base.Absent,100.0%
android.support.test.espresso.remote.internal.deps.protobuf.ByteString,androidx.test.espresso.remote.internal.deps.protobuf.ByteString,99.37%
android.support.constraint.motion.KeyAttributes,androidx.constraintlayout.motion.widget.KeyAttributes,99.85000000000001%
android.support.test.espresso.web.internal.deps.guava.primitives.Booleans,androidx.test.espresso.core.internal.deps.guava.primitives.Booleans,100.0%
android.support.test.espresso.remote.internal.deps.protobuf.BooleanArrayList,androidx.datastore.preferences.protobuf.BooleanArrayList,99.89%
android.support.test.espresso.remote.internal.deps.protobuf.SchemaFactory,com.google.protobuf.SchemaFactory,100.0%
android.support.wearable.complications.rendering.ComplicationRenderer,androidx.wear.watchface.complications.rendering.ComplicationRenderer,99.42999999999999%
android.support.test.espresso.remote.internal.deps.guava.cache.LongAddable,androidx.test.espresso.web.internal.deps.guava.cache.LongAddable,100.0%
android.support.design.internal.package-info,androidx.camera.viewfinder.internal.utils.futures.package-info,100.0%
android.support.test.espresso.web.internal.deps.guava.base.Joiner,androidx.test.espresso.remote.internal.deps.guava.base.Joiner,99.05000000000001%
android.support.test.internal.runner.junit3.DelegatingTestResult,androidx.test.internal.runner.junit3.DelegatingTestResult,95.96000000000001%
android.support.constraint.ConstraintProperties,androidx.constraintlayout.widget.ConstraintProperties,99.9%
android.support.test.espresso.remote.internal.deps.protobuf.Schema,androidx.test.espresso.remote.internal.deps.protobuf.Schema,100.0%
android.support.test.espresso.core.internal.deps.guava.base.Suppliers,androidx.test.espresso.web.internal.deps.guava.base.Suppliers,98.61%
android.support.test.espresso.remote.internal.deps.guava.cache.LocalCache,androidx.test.espresso.web.internal.deps.guava.cache.LocalCache,99.58%
android.support.test.espresso.remote.internal.deps.guava.collect.Iterators,androidx.test.espresso.remote.internal.deps.guava.collect.Iterators,99.92%
android.support.constraint.motion.TransitionAdapter,androidx.constraintlayout.motion.widget.TransitionAdapter,100.0%
android.support.test.espresso.core.internal.deps.guava.collect.Iterators,androidx.test.espresso.core.internal.deps.guava.collect.Iterators,99.92%
android.support.test.espresso.remote.internal.deps.protobuf.TextFormatEscaper,com.google.protobuf.TextFormatEscaper,100.0%
android.support.constraint.solver.widgets.analyzer.RunGroup,androidx.constraintlayout.core.widgets.analyzer.RunGroup,100.0%
android.support.test.espresso.remote.internal.deps.guava.collect.UnmodifiableIterator,androidx.test.espresso.remote.internal.deps.guava.collect.UnmodifiableIterator,100.0%
android.support.test.espresso.remote.internal.deps.protobuf.Internal,androidx.test.espresso.remote.internal.deps.protobuf.Internal,99.61%
android.support.test.internal.runner.intercepting.DefaultInterceptingActivityFactory,androidx.test.internal.runner.intercepting.DefaultInterceptingActivityFactory,100.0%
android.support.test.espresso.remote.internal.deps.guava.base.Stopwatch,androidx.test.espresso.remote.internal.deps.guava.base.Stopwatch,99.77000000000001%
android.support.test.espresso.remote.internal.deps.protobuf.WireFormat,com.google.protobuf.WireFormat,100.0%
android.support.test.espresso.core.internal.deps.guava.base.MoreObjects,androidx.test.espresso.core.internal.deps.guava.base.MoreObjects,97.43%
android.support.test.espresso.remote.internal.deps.guava.base.MoreObjects,androidx.test.espresso.core.internal.deps.guava.base.MoreObjects,97.43%
android.support.test.espresso.remote.internal.deps.protobuf.MessageInfoFactory,androidx.datastore.preferences.protobuf.MessageInfoFactory,100.0%
android.support.media2.MediaPlayer2,androidx.media2.MediaPlayer2,96.89999999999999%
android.support.test.espresso.remote.internal.deps.guava.util.concurrent.ListenableFuture,androidx.concurrent.ListenableFuture,100.0%
android.support.test.espresso.remote.internal.deps.protobuf.MessageLiteOrBuilder,androidx.wear.tiles.protobuf.MessageLiteOrBuilder,100.0%
android.support.test.espresso.remote.internal.deps.guava.util.concurrent.ListeningExecutorService,androidx.test.espresso.core.internal.deps.guava.util.concurrent.ListeningExecutorService,100.0%
android.support.test.espresso.remote.internal.deps.protobuf.MessageSetSchema,androidx.datastore.preferences.protobuf.MessageSetSchema,99.53%
android.support.test.espresso.web.internal.deps.guava.collect.Iterators,androidx.test.espresso.core.internal.deps.guava.collect.Iterators,99.92%
android.support.test.espresso.web.internal.deps.guava.collect.Sets,androidx.test.espresso.remote.internal.deps.guava.collect.Sets,98.18%
android.support.test.espresso.web.internal.deps.aidl.Codecs,androidx.test.espresso.web.internal.deps.aidl.Codecs,95.41%
android.support.test.espresso.remote.internal.deps.guava.cache.ForwardingCache,androidx.test.espresso.remote.internal.deps.guava.cache.ForwardingCache,99.53999999999999%
android.support.test.espresso.remote.internal.deps.guava.collect.Range,androidx.test.espresso.web.internal.deps.guava.collect.Range,99.5%
android.support.test.espresso.web.internal.deps.guava.collect.RegularImmutableList,androidx.test.espresso.web.internal.deps.guava.collect.RegularImmutableList,99.56%
android.support.test.espresso.web.internal.deps.guava.cache.Weigher,androidx.test.espresso.core.internal.deps.guava.cache.Weigher,100.0%
android.support.test.espresso.remote.internal.deps.protobuf.ExtensionLite,androidx.test.espresso.remote.internal.deps.protobuf.ExtensionLite,100.0%
android.support.test.internal.runner.listener.LogRunListener,androidx.test.internal.runner.listener.LogRunListener,99.32%
android.support.test.espresso.remote.internal.deps.guava.base.Ascii,androidx.test.espresso.core.internal.deps.guava.base.Ascii,100.0%
android.support.test.internal.runner.junit3.DelegatingFilterableTestSuite,androidx.test.internal.runner.junit3.DelegatingFilterableTestSuite,100.0%
android.support.test.espresso.remote.internal.deps.guava.collect.Sets,androidx.test.espresso.remote.internal.deps.guava.collect.Sets,98.18%
android.support.test.espresso.remote.internal.deps.protobuf.CodedInputStream,androidx.test.espresso.remote.internal.deps.protobuf.CodedInputStream,99.91%
android.support.constraint.solver.state.helpers.BarrierReference,androidx.constraintlayout.solver.state.helpers.BarrierReference,100.0%
android.support.test.espresso.core.internal.deps.guava.collect.SingletonImmutableSet,com.google.common.collect.SingletonImmutableSet,97.47%
android.support.test.espresso.web.internal.deps.guava.cache.Cache,androidx.test.espresso.web.internal.deps.guava.cache.Cache,100.0%
android.support.constraint.solver.widgets.analyzer.DimensionDependency,androidx.constraintlayout.solver.widgets.analyzer.DimensionDependency,100.0%
android.support.constraint.solver.state.helpers.AlignVerticallyReference,androidx.constraintlayout.solver.state.helpers.AlignVerticallyReference,100.0%
android.support.test.espresso.web.internal.deps.guava.base.Suppliers,androidx.test.espresso.web.internal.deps.guava.base.Suppliers,98.61%
android.support.test.espresso.core.internal.deps.guava.collect.Iterables,androidx.test.espresso.web.internal.deps.guava.collect.Iterables,99.19%
android.support.test.espresso.remote.internal.deps.protobuf.UninitializedMessageException,com.google.protobuf.UninitializedMessageException,100.0%
android.support.test.espresso.core.internal.deps.guava.cache.RemovalListener,androidx.test.espresso.web.internal.deps.guava.cache.RemovalListener,100.0%
android.support.test.services.speakeasy.client.PublishResultReceiver,androidx.test.services.speakeasy.client.PublishResultReceiver,97.94%
android.support.constraint.solver.widgets.analyzer.ChainRun,androidx.constraintlayout.solver.widgets.analyzer.ChainRun,100.0%
android.support.test.espresso.web.internal.deps.aidl.BaseStub,androidx.test.espresso.remote.internal.deps.aidl.BaseStub,99.25%
android.support.test.services.shellexecutor.BlockingPublish,androidx.test.services.shellexecutor.BlockingPublish,99.9%
android.support.test.espresso.web.internal.deps.guava.collect.RangeGwtSerializationDependencies,androidx.test.espresso.core.internal.deps.guava.collect.RangeGwtSerializationDependencies,100.0%
android.support.constraint.helper.Flow,androidx.constraintlayout.helper.widget.Flow,99.92999999999999%
android.support.test.espresso.remote.internal.deps.guava.collect.RegularImmutableSet,com.google.common.collect.RegularImmutableSet,99.74%
android.support.test.espresso.web.internal.deps.guava.util.concurrent.SettableFuture,androidx.test.espresso.web.internal.deps.guava.util.concurrent.SettableFuture,100.0%
android.support.test.espresso.core.internal.deps.guava.cache.LongAdder,androidx.test.espresso.remote.internal.deps.guava.cache.LongAdder,99.59%
android.support.constraint.motion.utils.HyperSpline,androidx.constraintlayout.core.motion.utils.HyperSpline,99.98%
android.support.test.espresso.web.internal.deps.guava.collect.Ordering,androidx.test.espresso.remote.internal.deps.guava.collect.Ordering,100.0%
android.support.test.espresso.core.internal.deps.guava.util.concurrent.ListenableScheduledFuture,androidx.test.espresso.remote.internal.deps.guava.util.concurrent.ListenableScheduledFuture,100.0%
android.support.test.espresso.core.internal.deps.guava.util.concurrent.ForwardingListenableFuture,androidx.test.espresso.remote.internal.deps.guava.util.concurrent.ForwardingListenableFuture,99.14%
android.support.test.espresso.remote.internal.deps.guava.cache.CacheStats,androidx.test.espresso.remote.internal.deps.guava.cache.CacheStats,100.0%
android.support.test.espresso.remote.internal.deps.protobuf.AbstractParser,androidx.test.espresso.remote.internal.deps.protobuf.AbstractParser,99.98%
android.support.test.services.shellexecutor.ShellMain,androidx.test.services.shellexecutor.ShellMain,99.92999999999999%
android.support.constraint.solver.widgets.analyzer.VerticalWidgetRun,androidx.constraintlayout.solver.widgets.analyzer.VerticalWidgetRun,100.0%
android.support.multidex.BuildConfig,androidx.test.janktesthelper.v21.BuildConfig,100.0%
android.support.test.internal.runner.intent.IntentMonitorImpl,androidx.test.internal.runner.intent.IntentMonitorImpl,98.7%
android.support.test.espresso.web.internal.deps.guava.collect.Range,androidx.test.espresso.web.internal.deps.guava.collect.Range,99.5%
android.support.test.espresso.remote.internal.deps.guava.base.AbstractIterator,androidx.test.espresso.core.internal.deps.guava.base.AbstractIterator,99.9%
android.support.constraint.solver.widgets.analyzer.BaselineDimensionDependency,androidx.constraintlayout.solver.widgets.analyzer.BaselineDimensionDependency,100.0%
android.support.test.espresso.core.internal.deps.guava.util.concurrent.AbstractTransformFuture,androidx.test.espresso.core.internal.deps.guava.util.concurrent.AbstractTransformFuture,95.78999999999999%
android.support.test.internal.util.AndroidRunnerBuilderUtil,androidx.test.internal.util.AndroidRunnerBuilderUtil,100.0%
android.support.test.espresso.remote.internal.deps.guava.util.concurrent.ListenableScheduledFuture,androidx.test.espresso.remote.internal.deps.guava.util.concurrent.ListenableScheduledFuture,100.0%
android.support.test.espresso.web.internal.deps.guava.base.Ticker,androidx.test.espresso.core.internal.deps.guava.base.Ticker,100.0%
android.support.constraint.solver.state.HelperReference,androidx.constraintlayout.solver.state.HelperReference,100.0%
android.support.test.espresso.remote.internal.deps.guava.collect.Iterables,androidx.test.espresso.web.internal.deps.guava.collect.Iterables,99.19%
android.support.constraint.motion.utils.VelocityMatrix,androidx.constraintlayout.core.motion.utils.VelocityMatrix,99.95%
android.support.constraint.motion.KeyPositionBase,androidx.constraintlayout.motion.widget.KeyPositionBase,100.0%
android.support.media2.subtitle.SubtitleController,androidx.media2.subtitle.SubtitleController,100.0%
android.support.test.espresso.remote.internal.deps.protobuf.ExtensionSchemaLite,androidx.glance.appwidget.proto.ExtensionSchemaLite,99.97%
android.support.test.internal.util.ParcelableIBinder,androidx.test.internal.util.ParcelableIBinder,98.89%
android.support.constraint.solver.state.Reference,androidx.constraintlayout.solver.state.Reference,100.0%
android.support.constraint.motion.KeyCache,androidx.constraintlayout.core.motion.utils.KeyCache,99.18%
android.support.test.espresso.remote.internal.deps.guava.base.Equivalence,androidx.test.espresso.core.internal.deps.guava.base.Equivalence,100.0%
android.support.test.espresso.core.internal.deps.guava.cache.LongAddables,androidx.test.espresso.remote.internal.deps.guava.cache.LongAddables,100.0%
android.support.test.espresso.remote.internal.deps.guava.util.concurrent.FutureCallback,androidx.camera.viewfinder.internal.utils.futures.FutureCallback,100.0%
android.support.test.espresso.core.internal.deps.guava.base.Throwables,com.google.common.base.Throwables,98.24000000000001%
android.support.constraint.solver.widgets.analyzer.BasicMeasure,androidx.constraintlayout.solver.widgets.analyzer.BasicMeasure,100.0%
android.support.test.espresso.web.internal.deps.guava.collect.AbstractIterator,androidx.test.espresso.remote.internal.deps.guava.collect.AbstractIterator,99.82%
android.support.test.espresso.web.internal.deps.guava.util.concurrent.ExecutionList,androidx.test.espresso.web.internal.deps.guava.util.concurrent.ExecutionList,96.53%
android.support.test.orchestrator.Orchestrator,androidx.test.orchestrator.Orchestrator,100.0%
android.support.test.services.shellexecutor.BlockingFind,androidx.test.services.shellexecutor.BlockingFind,99.89%
android.support.test.espresso.remote.internal.deps.guava.collect.TransformedIterator,androidx.test.espresso.web.internal.deps.guava.collect.TransformedIterator,100.0%
android.support.test.espresso.core.internal.deps.guava.base.Joiner,androidx.test.espresso.remote.internal.deps.guava.base.Joiner,99.05000000000001%
android.support.test.espresso.remote.internal.deps.protobuf.LazyStringList,androidx.test.espresso.remote.internal.deps.protobuf.LazyStringList,100.0%
android.support.test.espresso.web.internal.deps.guava.cache.ReferenceEntry,androidx.test.espresso.remote.internal.deps.guava.cache.ReferenceEntry,100.0%
android.support.test.internal.runner.junit4.AndroidJUnit4ClassRunner,androidx.test.internal.runner.junit4.AndroidJUnit4ClassRunner,95.7%
android.support.test.internal.runner.NonExecutingRunner,androidx.test.internal.runner.NonExecutingRunner,100.0%
android.support.test.espresso.core.internal.deps.guava.collect.RegularImmutableMap,com.google.common.collect.RegularImmutableMap,95.19999999999999%
android.support.test.espresso.core.internal.deps.guava.collect.Sets,androidx.test.espresso.remote.internal.deps.guava.collect.Sets,98.18%
android.support.test.espresso.remote.internal.deps.protobuf.IntArrayList,androidx.datastore.preferences.protobuf.IntArrayList,99.95%
android.support.test.espresso.remote.internal.deps.guava.base.PatternCompiler,com.google.common.base.PatternCompiler,100.0%
android.support.media2.MediaPlayer2Impl,androidx.media2.MediaPlayer2Impl,98.15%
android.support.test.espresso.remote.internal.deps.guava.collect.TransformedListIterator,androidx.test.espresso.remote.internal.deps.guava.collect.TransformedListIterator,100.0%
android.support.test.espresso.remote.internal.deps.guava.util.concurrent.AbstractFuture,androidx.test.espresso.remote.internal.deps.guava.util.concurrent.AbstractFuture,98.47%
android.support.test.espresso.remote.internal.deps.guava.cache.RemovalListener,androidx.test.espresso.web.internal.deps.guava.cache.RemovalListener,100.0%
android.support.test.espresso.remote.internal.deps.protobuf.MessageLite,androidx.test.espresso.remote.internal.deps.protobuf.MessageLite,100.0%
android.support.test.espresso.core.internal.deps.guava.cache.CacheBuilder,androidx.test.espresso.core.internal.deps.guava.cache.CacheBuilder,99.79%
android.support.test.espresso.remote.internal.deps.guava.cache.RemovalCause,androidx.test.espresso.remote.internal.deps.guava.cache.RemovalCause,99.92%
android.support.test.espresso.core.internal.deps.guava.util.concurrent.AbstractFuture,androidx.test.espresso.core.internal.deps.guava.util.concurrent.AbstractFuture,98.52%
android.support.test.espresso.remote.internal.deps.protobuf.MessageInfo,androidx.glance.appwidget.proto.MessageInfo,100.0%
android.support.test.espresso.web.internal.deps.guava.base.Objects,androidx.test.espresso.remote.internal.deps.guava.base.Objects,100.0%
android.support.test.espresso.core.internal.deps.guava.collect.ForwardingObject,androidx.test.espresso.remote.internal.deps.guava.collect.ForwardingObject,100.0%
android.support.test.espresso.remote.internal.deps.protobuf.CodedOutputStreamWriter,androidx.glance.appwidget.proto.CodedOutputStreamWriter,99.97%
android.support.constraint.motion.DesignTool,androidx.constraintlayout.motion.widget.DesignTool,99.99%
android.support.test.espresso.remote.internal.deps.guava.base.Preconditions,androidx.test.espresso.core.internal.deps.guava.base.Preconditions,98.56%
android.support.constraint.solver.state.helpers.GuidelineReference,androidx.constraintlayout.solver.state.helpers.GuidelineReference,100.0%
android.support.constraint.motion.Debug,androidx.constraintlayout.motion.widget.Debug,99.91%
android.support.test.espresso.remote.internal.deps.guava.io.ByteStreams,androidx.test.espresso.remote.internal.deps.guava.io.ByteStreams,96.16%
android.support.test.espresso.web.internal.deps.aidl.BaseProxy,androidx.test.runner.internal.deps.aidl.BaseProxy,100.0%
android.support.test.espresso.web.internal.deps.guava.base.PatternCompiler,com.google.common.base.PatternCompiler,100.0%
android.support.test.espresso.web.internal.deps.guava.base.MoreObjects,androidx.test.espresso.core.internal.deps.guava.base.MoreObjects,97.43%
android.support.test.internal.util.Checks,org.junit.internal.Checks,97.37%
android.support.constraint.motion.utils.Oscillator,androidx.constraintlayout.core.motion.utils.Oscillator,99.13%
android.support.test.services.shellexecutor.Command,androidx.test.services.shellexecutor.Command,96.55%
android.support.wearable.BuildConfig,androidx.test.janktesthelper.v21.BuildConfig,100.0%
android.support.test.espresso.web.internal.deps.guava.cache.LongAddable,androidx.test.espresso.web.internal.deps.guava.cache.LongAddable,100.0%
android.support.test.espresso.web.internal.deps.guava.base.Present,androidx.test.espresso.web.internal.deps.guava.base.Present,99.49%
android.support.test.espresso.remote.internal.deps.guava.cache.Weigher,androidx.test.espresso.core.internal.deps.guava.cache.Weigher,100.0%
android.support.test.espresso.web.internal.deps.guava.cache.LongAdder,androidx.test.espresso.remote.internal.deps.guava.cache.LongAdder,99.59%
android.support.test.espresso.web.internal.deps.guava.util.concurrent.ForwardingFuture,androidx.test.espresso.web.internal.deps.guava.util.concurrent.ForwardingFuture,99.77000000000001%
android.support.test.espresso.remote.internal.deps.guava.collect.ByFunctionOrdering,com.google.common.collect.ByFunctionOrdering,97.07000000000001%
android.support.test.espresso.core.internal.deps.guava.collect.Range,androidx.test.espresso.web.internal.deps.guava.collect.Range,99.5%
android.support.media2.subtitle.Cea708CCParser,androidx.media2.subtitle.Cea708CCParser,100.0%
android.support.test.espresso.remote.internal.deps.guava.util.concurrent.TrustedListenableFutureTask,androidx.test.espresso.core.internal.deps.guava.util.concurrent.TrustedListenableFutureTask,98.85000000000001%
android.support.media2.subtitle.ClosedCaptionRenderer,androidx.media2.subtitle.ClosedCaptionRenderer,99.92%
android.support.constraint.motion.utils.CurveFit,androidx.constraintlayout.core.motion.utils.CurveFit,100.0%
android.support.constraint.solver.widgets.analyzer.DependencyNode,androidx.constraintlayout.solver.widgets.analyzer.DependencyNode,99.99%
android.support.test.espresso.remote.internal.deps.protobuf.MapFieldSchemas,androidx.test.espresso.remote.internal.deps.protobuf.MapFieldSchemas,100.0%
android.support.test.espresso.web.internal.deps.guava.util.concurrent.ForwardingListenableFuture,androidx.test.espresso.remote.internal.deps.guava.util.concurrent.ForwardingListenableFuture,99.14%
android.support.test.espresso.remote.internal.deps.protobuf.ExtensionRegistryFactory,com.google.protobuf.ExtensionRegistryFactory,98.69%
android.support.test.espresso.core.internal.deps.guava.collect.ByFunctionOrdering,com.google.common.collect.ByFunctionOrdering,97.07000000000001%
android.support.test.espresso.web.internal.deps.guava.util.concurrent.FutureCallback,androidx.camera.viewfinder.internal.utils.futures.FutureCallback,100.0%
android.support.test.espresso.remote.internal.deps.protobuf.Protobuf,androidx.test.espresso.remote.internal.deps.protobuf.Protobuf,96.58%
android.support.test.internal.runner.lifecycle.ActivityLifecycleMonitorImpl,androidx.test.internal.runner.lifecycle.ActivityLifecycleMonitorImpl,98.22999999999999%
android.support.test.espresso.web.internal.deps.guava.collect.AbstractSequentialIterator,androidx.test.espresso.core.internal.deps.guava.collect.AbstractSequentialIterator,99.36%
android.support.test.espresso.core.internal.deps.dagger.internal.DoubleCheck,androidx.test.espresso.core.internal.deps.dagger.internal.DoubleCheck,97.18%
android.support.wearable.complications.rendering.TextRenderer,androidx.wear.watchface.complications.rendering.TextRenderer,99.82%
android.support.test.espresso.core.internal.deps.guava.base.Platform,com.google.common.base.Platform,97.99%
android.support.constraint.solver.SolverVariableValues,androidx.constraintlayout.solver.SolverVariableValues,100.0%
android.support.test.espresso.web.internal.deps.guava.base.Preconditions,androidx.test.espresso.core.internal.deps.guava.base.Preconditions,98.56%
android.support.test.espresso.remote.internal.deps.protobuf.SmallSortedMap,androidx.glance.appwidget.proto.SmallSortedMap,99.94%
android.support.test.espresso.web.internal.deps.guava.util.concurrent.AsyncFunction,androidx.test.espresso.web.internal.deps.guava.util.concurrent.AsyncFunction,100.0%
android.support.test.espresso.remote.internal.deps.protobuf.Utf8,androidx.test.espresso.remote.internal.deps.protobuf.Utf8,98.25%
android.support.test.espresso.remote.internal.deps.guava.collect.Hashing,androidx.test.espresso.web.internal.deps.guava.collect.Hashing,100.0%
android.support.test.orchestrator.TestRunnable,androidx.test.orchestrator.TestRunnable,96.13000000000001%
android.support.test.espresso.remote.internal.deps.guava.collect.Lists,androidx.test.espresso.remote.internal.deps.guava.collect.Lists,99.99%
android.support.test.espresso.remote.internal.deps.guava.collect.ImmutableMap,androidx.test.espresso.core.internal.deps.guava.collect.ImmutableMap,97.65%
android.support.test.espresso.remote.internal.deps.protobuf.UnknownFieldSetLiteSchema,androidx.glance.appwidget.proto.UnknownFieldSetLiteSchema,100.0%
android.support.test.services.speakeasy.client.ToolConnection,androidx.test.services.speakeasy.client.ToolConnection,98.56%
android.support.test.espresso.web.internal.deps.guava.base.Stopwatch,androidx.test.espresso.remote.internal.deps.guava.base.Stopwatch,99.77000000000001%
android.support.test.espresso.remote.internal.deps.guava.collect.FluentIterable,androidx.test.espresso.web.internal.deps.guava.collect.FluentIterable,100.0%
android.support.constraint.solver.widgets.analyzer.WidgetGroup,androidx.constraintlayout.core.widgets.analyzer.WidgetGroup,100.0%
android.support.test.espresso.remote.internal.deps.guava.base.Throwables,com.google.common.base.Throwables,98.67%
android.support.test.espresso.web.internal.deps.guava.collect.ForwardingObject,androidx.test.espresso.remote.internal.deps.guava.collect.ForwardingObject,100.0%
android.support.test.espresso.remote.internal.deps.guava.util.concurrent.AbstractListeningExecutorService,androidx.test.espresso.web.internal.deps.guava.util.concurrent.AbstractListeningExecutorService,100.0%
android.support.wearable.complications.rendering.utils.ShortTextLayoutHelper,androidx.wear.watchface.complications.rendering.utils.ShortTextLayoutHelper,100.0%
android.support.test.orchestrator.listeners.OrchestrationResult,androidx.test.orchestrator.listeners.OrchestrationResult,100.0%
android.support.test.espresso.core.internal.deps.guava.base.Optional,androidx.test.espresso.core.internal.deps.guava.base.Optional,99.98%
android.support.constraint.motion.KeyCycle,androidx.constraintlayout.motion.widget.KeyCycle,99.79%
android.support.wearable.complications.ComplicationHelperActivity,androidx.wear.watchface.ComplicationHelperActivity,95.39999999999999%
android.support.wearable.internal.aidl.BaseProxy,androidx.test.runner.internal.deps.aidl.BaseProxy,100.0%
android.support.test.espresso.remote.internal.deps.guava.cache.LongAdder,androidx.test.espresso.remote.internal.deps.guava.cache.LongAdder,99.59%
android.support.test.espresso.remote.internal.deps.protobuf.BinaryReader,androidx.wear.tiles.protobuf.BinaryReader,99.99%
android.support.constraint.motion.utils.MonotonicCurveFit,androidx.constraintlayout.core.motion.utils.MonotonicCurveFit,99.44%
android.support.test.internal.runner.junit3.DelegatingTestSuite,androidx.test.internal.runner.junit3.DelegatingTestSuite,95.85000000000001%
android.support.test.espresso.core.internal.deps.guava.cache.LongAddable,androidx.test.espresso.web.internal.deps.guava.cache.LongAddable,100.0%
android.support.test.services.speakeasy.server.SpeakEasyService,androidx.test.services.speakeasy.server.SpeakEasyService,99.21%
android.support.media2.subtitle.SubtitleTrack,androidx.media2.subtitle.SubtitleTrack,99.98%
android.support.test.espresso.core.internal.deps.guava.cache.RemovalNotification,androidx.test.espresso.remote.internal.deps.guava.cache.RemovalNotification,100.0%
android.support.test.espresso.web.internal.deps.guava.cache.RemovalNotification,androidx.test.espresso.remote.internal.deps.guava.cache.RemovalNotification,100.0%
android.support.constraint.solver.state.helpers.AlignHorizontallyReference,androidx.constraintlayout.solver.state.helpers.AlignHorizontallyReference,100.0%
android.support.test.espresso.web.internal.deps.guava.collect.ComparatorOrdering,com.google.common.collect.ComparatorOrdering,99.83%
android.support.constraint.motion.MotionScene,androidx.constraintlayout.motion.widget.MotionScene,99.89%
android.support.test.espresso.remote.internal.deps.guava.primitives.Ints,androidx.test.espresso.web.internal.deps.guava.primitives.Ints,100.0%
android.support.test.espresso.remote.internal.deps.guava.cache.Striped64,androidx.test.espresso.remote.internal.deps.guava.cache.Striped64,99.92999999999999%
android.support.test.espresso.core.internal.deps.guava.cache.LocalCache,androidx.test.espresso.web.internal.deps.guava.cache.LocalCache,99.58%
android.support.test.espresso.core.internal.deps.guava.util.concurrent.SettableFuture,androidx.test.espresso.web.internal.deps.guava.util.concurrent.SettableFuture,96.78999999999999%
android.support.test.espresso.remote.internal.deps.guava.collect.RegularImmutableMap,com.google.common.collect.RegularImmutableMap,95.35%
android.support.test.espresso.web.internal.deps.guava.util.concurrent.ListeningExecutorService,androidx.test.espresso.core.internal.deps.guava.util.concurrent.ListeningExecutorService,100.0%
android.support.test.jank.internal.GfxMonitorImpl,androidx.test.jank.internal.GfxMonitorImpl,99.99%
android.support.test.espresso.remote.internal.deps.guava.util.concurrent.Uninterruptibles,androidx.test.espresso.core.internal.deps.guava.util.concurrent.Uninterruptibles,98.33%
android.support.test.espresso.web.internal.deps.guava.util.concurrent.AbstractFuture,androidx.test.espresso.web.internal.deps.guava.util.concurrent.AbstractFuture,98.47%
android.support.test.espresso.remote.internal.deps.guava.collect.ComparatorOrdering,com.google.common.collect.ComparatorOrdering,99.83%
android.support.constraint.motion.MotionController,androidx.constraintlayout.motion.widget.MotionController,98.72%
android.support.test.espresso.remote.internal.deps.protobuf.AbstractProtobufList,androidx.glance.appwidget.proto.AbstractProtobufList,99.99%
android.support.test.espresso.core.internal.deps.guava.collect.AbstractIndexedListIterator,androidx.test.espresso.web.internal.deps.guava.collect.AbstractIndexedListIterator,100.0%
android.support.test.espresso.web.internal.deps.guava.base.Throwables,com.google.common.base.Throwables,98.24000000000001%
android.support.test.espresso.web.internal.deps.guava.collect.ImmutableMap,androidx.test.espresso.core.internal.deps.guava.collect.ImmutableMap,97.65%
android.support.test.espresso.web.internal.deps.guava.cache.RemovalListener,androidx.test.espresso.web.internal.deps.guava.cache.RemovalListener,100.0%
android.support.wearable.watchface.accessibility.package-info,androidx.camera.viewfinder.internal.utils.futures.package-info,100.0%
android.support.wearable.watchface.package-info,androidx.camera.viewfinder.internal.utils.futures.package-info,100.0%
android.support.test.espresso.core.internal.deps.guava.base.Ascii,androidx.test.espresso.core.internal.deps.guava.base.Ascii,100.0%
android.support.test.espresso.core.internal.deps.aidl.BaseProxy,androidx.test.runner.internal.deps.aidl.BaseProxy,100.0%
android.support.test.internal.runner.listener.DelayInjector,androidx.test.internal.runner.listener.DelayInjector,98.16%
android.support.test.espresso.web.internal.deps.guava.collect.AbstractIndexedListIterator,androidx.test.espresso.web.internal.deps.guava.collect.AbstractIndexedListIterator,100.0%
android.support.test.espresso.core.internal.deps.guava.base.Supplier,androidx.core.util.Supplier,100.0%
android.support.constraint.solver.widgets.HelperWidget,androidx.constraintlayout.solver.widgets.HelperWidget,100.0%
android.support.wearable.internal.aidl.BaseStub,androidx.test.espresso.remote.internal.deps.aidl.BaseStub,99.25%
android.support.test.espresso.remote.internal.deps.protobuf.LazyFieldLite,com.google.protobuf.LazyFieldLite,99.96000000000001%
android.support.test.espresso.web.internal.deps.guava.collect.Iterables,androidx.test.espresso.web.internal.deps.guava.collect.Iterables,99.19%
android.support.test.espresso.web.internal.deps.guava.cache.RemovalCause,androidx.test.espresso.remote.internal.deps.guava.cache.RemovalCause,99.92%
android.support.media.instantvideo.BuildConfig,androidx.test.janktesthelper.v21.BuildConfig,100.0%
android.support.test.espresso.remote.internal.deps.guava.collect.Ordering,androidx.test.espresso.remote.internal.deps.guava.collect.Ordering,100.0%
android.support.test.espresso.web.internal.deps.guava.collect.SingletonImmutableSet,com.google.common.collect.SingletonImmutableSet,97.47%
android.support.test.espresso.core.internal.deps.guava.collect.ComparatorOrdering,com.google.common.collect.ComparatorOrdering,99.83%
android.support.constraint.motion.Animatable,androidx.constraintlayout.motion.widget.Animatable,100.0%
android.support.test.espresso.web.internal.deps.guava.collect.UnmodifiableListIterator,androidx.test.espresso.core.internal.deps.guava.collect.UnmodifiableListIterator,100.0%
android.support.test.espresso.web.internal.deps.guava.cache.CacheStats,androidx.test.espresso.remote.internal.deps.guava.cache.CacheStats,100.0%
android.support.test.espresso.remote.internal.deps.guava.cache.RemovalNotification,androidx.test.espresso.remote.internal.deps.guava.cache.RemovalNotification,100.0%
android.support.test.espresso.core.internal.deps.guava.collect.RegularImmutableSet,androidx.test.espresso.core.internal.deps.guava.collect.RegularImmutableSet,99.59%
android.support.test.espresso.web.internal.deps.guava.util.concurrent.GwtFuturesCatchingSpecialization,androidx.test.espresso.core.internal.deps.guava.util.concurrent.GwtFuturesCatchingSpecialization,100.0%
android.support.test.espresso.core.internal.deps.guava.primitives.Booleans,androidx.test.espresso.core.internal.deps.guava.primitives.Booleans,100.0%
android.support.constraint.motion.KeyTrigger,androidx.constraintlayout.motion.widget.KeyTrigger,96.08%
android.support.test.espresso.remote.internal.deps.protobuf.LongArrayList,androidx.wear.tiles.protobuf.LongArrayList,99.9%
android.support.wearable.complications.package-info,androidx.camera.viewfinder.internal.utils.futures.package-info,100.0%
android.support.test.espresso.remote.internal.deps.protobuf.SchemaUtil,com.google.protobuf.SchemaUtil,99.94%
android.support.test.espresso.remote.internal.deps.protobuf.FloatArrayList,androidx.wear.tiles.protobuf.FloatArrayList,99.89%
android.support.test.espresso.remote.internal.deps.guava.util.concurrent.ExecutionList,androidx.test.espresso.remote.internal.deps.guava.util.concurrent.ExecutionList,96.53%
android.support.test.espresso.remote.internal.deps.guava.base.Present,androidx.test.espresso.web.internal.deps.guava.base.Present,99.49%
android.support.test.espresso.remote.internal.deps.protobuf.InvalidProtocolBufferException,com.google.protobuf.InvalidProtocolBufferException,99.48%
android.support.test.espresso.remote.internal.deps.protobuf.JavaType,androidx.test.espresso.remote.internal.deps.protobuf.JavaType,99.92999999999999%
android.support.test.espresso.core.internal.deps.guava.util.concurrent.TrustedListenableFutureTask,androidx.test.espresso.core.internal.deps.guava.util.concurrent.TrustedListenableFutureTask,98.85000000000001%
android.support.test.espresso.core.internal.deps.guava.collect.UnmodifiableListIterator,androidx.test.espresso.core.internal.deps.guava.collect.UnmodifiableListIterator,100.0%
android.support.test.espresso.remote.internal.deps.guava.base.Ticker,androidx.test.espresso.core.internal.deps.guava.base.Ticker,100.0%
android.support.test.espresso.core.internal.deps.guava.cache.ReferenceEntry,androidx.test.espresso.remote.internal.deps.guava.cache.ReferenceEntry,100.0%
android.support.test.espresso.remote.internal.deps.protobuf.CodedOutputStream,androidx.test.espresso.remote.internal.deps.protobuf.CodedOutputStream,99.92%
android.support.wearable.complications.rendering.utils.SmallImageLayoutHelper,androidx.wear.watchface.complications.rendering.utils.SmallImageLayoutHelper,100.0%
android.support.test.internal.runner.junit4.statement.RunAfters,androidx.test.internal.runner.junit4.statement.RunAfters,98.5%
android.support.test.services.speakeasy.SpeakEasyProtocol,androidx.test.services.speakeasy.SpeakEasyProtocol,99.49%
android.support.test.espresso.remote.internal.deps.guava.util.concurrent.ForwardingListenableFuture,androidx.test.espresso.remote.internal.deps.guava.util.concurrent.ForwardingListenableFuture,99.14%
android.support.test.espresso.remote.internal.deps.protobuf.MapFieldLite,androidx.test.espresso.remote.internal.deps.protobuf.MapFieldLite,99.99%
android.support.test.espresso.core.internal.deps.guava.base.Objects,androidx.test.espresso.remote.internal.deps.guava.base.Objects,100.0%
android.support.test.espresso.web.internal.deps.guava.primitives.Ints,androidx.test.espresso.web.internal.deps.guava.primitives.Ints,100.0%
android.support.test.espresso.remote.internal.deps.guava.primitives.Booleans,androidx.test.espresso.core.internal.deps.guava.primitives.Booleans,100.0%
android.support.constraint.motion.TransitionBuilder,androidx.constraintlayout.motion.widget.TransitionBuilder,100.0%
android.support.test.orchestrator.AndroidTestOrchestrator,androidx.test.orchestrator.AndroidTestOrchestrator,99.33999999999999%
android.support.constraint.motion.MotionLayout,androidx.constraintlayout.motion.widget.MotionLayout,99.79%
android.support.test.espresso.remote.internal.deps.protobuf.LazyField,androidx.wear.tiles.protobuf.LazyField,98.75%
android.support.test.espresso.remote.internal.deps.guava.base.Function,com.google.common.base.Function,100.0%
android.support.constraint.motion.MotionConstrainedPoint,androidx.constraintlayout.motion.widget.MotionConstrainedPoint,99.72%
android.support.constraint.solver.state.ConstraintReference,androidx.constraintlayout.solver.state.ConstraintReference,100.0%
android.support.test.espresso.remote.internal.deps.protobuf.NewInstanceSchemaLite,androidx.wear.tiles.protobuf.NewInstanceSchemaLite,100.0%
android.support.test.espresso.remote.internal.deps.guava.collect.Maps,androidx.test.espresso.web.internal.deps.guava.collect.Maps,99.21%
android.support.test.espresso.remote.internal.deps.protobuf.ExtensionRegistryLite,com.google.protobuf.ExtensionRegistryLite,95.98%
android.support.test.espresso.web.internal.deps.guava.cache.LocalCache,androidx.test.espresso.web.internal.deps.guava.cache.LocalCache,99.58%
android.support.test.espresso.core.internal.deps.guava.collect.AbstractIterator,androidx.test.espresso.remote.internal.deps.guava.collect.AbstractIterator,99.82%
android.support.test.espresso.remote.internal.deps.guava.collect.RangeGwtSerializationDependencies,androidx.test.espresso.core.internal.deps.guava.collect.RangeGwtSerializationDependencies,100.0%
android.support.test.espresso.core.internal.deps.guava.base.Stopwatch,androidx.test.espresso.remote.internal.deps.guava.base.Stopwatch,99.77000000000001%
android.support.test.espresso.core.internal.deps.guava.base.Present,androidx.test.espresso.web.internal.deps.guava.base.Present,99.49%
android.support.wearable.complications.rendering.RoundedDrawable,androidx.wear.watchface.complications.rendering.RoundedDrawable,99.99%
android.support.test.espresso.remote.internal.deps.protobuf.DoubleArrayList,androidx.wear.tiles.protobuf.DoubleArrayList,99.87%
android.support.test.espresso.remote.internal.deps.protobuf.ExtensionSchemas,androidx.test.espresso.remote.internal.deps.protobuf.ExtensionSchemas,100.0%
android.support.test.orchestrator.OrchestratorService,androidx.test.orchestrator.OrchestratorService,100.0%
android.support.constraint.solver.widgets.analyzer.WidgetRun,androidx.constraintlayout.solver.widgets.analyzer.WidgetRun,100.0%
android.support.test.services.shellexecutor.ShellCommandExecutorServer,androidx.test.services.shellexecutor.ShellCommandExecutorServer,98.39%
android.support.test.espresso.remote.internal.deps.protobuf.MapFieldSchemaLite,androidx.test.espresso.remote.internal.deps.protobuf.MapFieldSchemaLite,100.0%
android.support.constraint.motion.Key,androidx.constraintlayout.motion.widget.Key,97.5%
android.support.test.espresso.remote.internal.deps.guava.cache.Cache,androidx.test.espresso.web.internal.deps.guava.cache.Cache,100.0%
android.support.constraint.utils.ImageFilterView,androidx.constraintlayout.utils.widget.ImageFilterView,97.54%
android.support.test.espresso.web.internal.deps.guava.collect.ImmutableList,androidx.test.espresso.web.internal.deps.guava.collect.ImmutableList,99.96000000000001%
android.support.test.espresso.remote.internal.deps.guava.collect.ImmutableSet,androidx.test.espresso.remote.internal.deps.guava.collect.ImmutableSet,99.81%
android.support.test.espresso.remote.internal.deps.protobuf.OneofInfo,androidx.test.espresso.remote.internal.deps.protobuf.OneofInfo,100.0%
android.support.test.espresso.core.internal.deps.guava.util.concurrent.ForwardingFuture,androidx.test.espresso.web.internal.deps.guava.util.concurrent.ForwardingFuture,99.77000000000001%
android.support.test.espresso.web.internal.deps.guava.util.concurrent.ThreadFactoryBuilder,androidx.test.espresso.core.internal.deps.guava.util.concurrent.ThreadFactoryBuilder,99.97%
android.support.media2.subtitle.Cea708CaptionRenderer,androidx.media2.subtitle.Cea708CaptionRenderer,99.92999999999999%
android.support.test.espresso.remote.internal.deps.protobuf.Writer,androidx.test.espresso.remote.internal.deps.protobuf.Writer,99.85000000000001%
android.support.test.espresso.core.internal.deps.guava.util.concurrent.ListeningExecutorService,androidx.test.espresso.core.internal.deps.guava.util.concurrent.ListeningExecutorService,100.0%
android.support.test.espresso.remote.internal.deps.protobuf.UnknownFieldSchema,androidx.datastore.preferences.protobuf.UnknownFieldSchema,100.0%
android.support.test.espresso.web.internal.deps.guava.base.Optional,androidx.test.espresso.core.internal.deps.guava.base.Optional,99.98%
android.support.test.espresso.remote.internal.deps.protobuf.GeneratedMessageLite,androidx.test.espresso.remote.internal.deps.protobuf.GeneratedMessageLite,99.42999999999999%
android.support.test.internal.runner.listener.InstrumentationRunListener,androidx.test.internal.runner.listener.InstrumentationRunListener,98.47%
android.support.test.espresso.remote.internal.deps.guava.collect.RegularImmutableList,androidx.test.espresso.web.internal.deps.guava.collect.RegularImmutableList,99.71%
android.support.test.espresso.web.internal.deps.guava.base.Ascii,androidx.test.espresso.core.internal.deps.guava.base.Ascii,100.0%
android.support.test.internal.runner.junit3.NonExecutingTestSuite,androidx.test.internal.runner.junit3.NonExecutingTestSuite,100.0%
android.support.constraint.VirtualLayout,androidx.constraintlayout.widget.VirtualLayout,99.67%
android.support.constraint.ConstraintAttribute,androidx.constraintlayout.widget.ConstraintAttribute,99.42999999999999%
android.support.test.internal.runner.tracker.AnalyticsBasedUsageTracker,androidx.test.internal.runner.tracker.AnalyticsBasedUsageTracker,96.58%
android.support.test.internal.runner.junit3.AndroidSuiteBuilder,androidx.test.internal.runner.junit3.AndroidSuiteBuilder,96.17%
android.support.test.espresso.remote.internal.deps.protobuf.ByteOutput,androidx.test.espresso.remote.internal.deps.protobuf.ByteOutput,100.0%
android.support.test.espresso.remote.internal.deps.protobuf.RopeByteString,androidx.wear.protolayout.protobuf.RopeByteString,98.54%
android.support.constraint.helper.Layer,androidx.constraintlayout.helper.widget.Layer,99.99%
android.support.test.runner.internal.deps.aidl.BaseProxy,androidx.test.runner.internal.deps.aidl.BaseProxy,100.0%
android.support.constraint.motion.MotionInterpolator,androidx.constraintlayout.motion.widget.MotionInterpolator,100.0%
android.support.test.espresso.core.internal.deps.guava.collect.ImmutableList,androidx.test.espresso.web.internal.deps.guava.collect.ImmutableList,99.96000000000001%
android.support.wearable.internal.aidl.Codecs,androidx.test.runner.internal.deps.aidl.Codecs,99.24%
android.support.test.internal.runner.InstrumentationConnection,androidx.test.internal.runner.InstrumentationConnection,99.15%
android.support.test.internal.runner.tracker.UsageTracker,androidx.test.internal.runner.tracker.UsageTracker,100.0%
android.support.constraint.motion.KeyPosition,androidx.constraintlayout.motion.widget.KeyPosition,99.62%
android.support.constraint.solver.widgets.analyzer.HelperReferences,androidx.constraintlayout.solver.widgets.analyzer.HelperReferences,100.0%
android.support.test.espresso.web.internal.deps.guava.collect.Maps,androidx.test.espresso.web.internal.deps.guava.collect.Maps,99.21%
android.support.test.espresso.web.internal.deps.guava.base.ExtraObjectsMethodsForWeb,androidx.test.espresso.core.internal.deps.guava.base.ExtraObjectsMethodsForWeb,100.0%
android.support.test.espresso.remote.internal.deps.protobuf.AbstractMessageLite,androidx.test.espresso.remote.internal.deps.protobuf.AbstractMessageLite,99.03999999999999%
android.support.test.espresso.web.internal.deps.guava.util.concurrent.ListenableScheduledFuture,androidx.test.espresso.remote.internal.deps.guava.util.concurrent.ListenableScheduledFuture,100.0%
android.support.test.espresso.core.internal.deps.guava.base.ExtraObjectsMethodsForWeb,androidx.test.espresso.core.internal.deps.guava.base.ExtraObjectsMethodsForWeb,100.0%
android.support.test.espresso.remote.internal.deps.guava.util.concurrent.SettableFuture,androidx.test.espresso.web.internal.deps.guava.util.concurrent.SettableFuture,100.0%
android.support.test.espresso.remote.internal.deps.protobuf.FieldInfo,androidx.test.espresso.remote.internal.deps.protobuf.FieldInfo,98.19%
android.support.test.espresso.remote.internal.deps.guava.base.Suppliers,androidx.test.espresso.web.internal.deps.guava.base.Suppliers,98.61%
android.support.constraint.solver.widgets.analyzer.Grouping,androidx.constraintlayout.solver.widgets.analyzer.Grouping,100.0%
android.support.test.espresso.web.internal.deps.guava.cache.Striped64,androidx.test.espresso.web.internal.deps.guava.cache.Striped64,99.92999999999999%
android.support.media2.subtitle.ClosedCaptionWidget,androidx.media2.subtitle.ClosedCaptionWidget,99.79%
android.support.test.espresso.remote.internal.deps.guava.collect.Platform,androidx.test.espresso.remote.internal.deps.guava.collect.Platform,97.71%
android.support.test.espresso.remote.internal.deps.guava.base.Objects,androidx.test.espresso.remote.internal.deps.guava.base.Objects,100.0%
android.support.test.espresso.remote.internal.deps.protobuf.MapEntryLite,androidx.test.espresso.remote.internal.deps.protobuf.MapEntryLite,98.0%
android.support.test.espresso.remote.internal.deps.guava.util.concurrent.ThreadFactoryBuilder,androidx.test.espresso.core.internal.deps.guava.util.concurrent.ThreadFactoryBuilder,99.97%
android.support.test.espresso.core.internal.deps.guava.collect.Hashing,androidx.test.espresso.web.internal.deps.guava.collect.Hashing,100.0%
android.support.wearable.input.WearableButtons,androidx.wear.input.WearableButtons,99.85000000000001%
android.support.constraint.motion.KeyFrames,androidx.constraintlayout.motion.widget.KeyFrames,98.25%
android.support.test.espresso.core.internal.deps.guava.collect.ImmutableCollection,androidx.test.espresso.core.internal.deps.guava.collect.ImmutableCollection,98.28%
android.support.constraint.solver.widgets.analyzer.Direct,androidx.constraintlayout.solver.widgets.analyzer.Direct,100.0%
android.support.test.internal.runner.junit4.AndroidAnnotatedBuilder,androidx.test.internal.runner.junit4.AndroidAnnotatedBuilder,96.69%
android.support.test.services.speakeasy.client.Connection,androidx.test.services.speakeasy.client.Connection,100.0%
android.support.test.espresso.web.internal.deps.guava.collect.TransformedIterator,androidx.test.espresso.web.internal.deps.guava.collect.TransformedIterator,100.0%
android.support.test.internal.runner.lifecycle.ApplicationLifecycleMonitorImpl,androidx.test.internal.runner.lifecycle.ApplicationLifecycleMonitorImpl,97.41%
android.support.test.espresso.web.internal.deps.guava.collect.RegularImmutableSet,androidx.test.espresso.core.internal.deps.guava.collect.RegularImmutableSet,99.59%
android.support.test.espresso.core.internal.deps.guava.collect.FluentIterable,androidx.test.espresso.web.internal.deps.guava.collect.FluentIterable,100.0%
android.support.test.espresso.web.internal.deps.guava.collect.ImmutableSet,androidx.test.espresso.remote.internal.deps.guava.collect.ImmutableSet,99.81%
android.support.test.espresso.remote.internal.deps.protobuf.UnknownFieldSetLite,androidx.test.espresso.remote.internal.deps.protobuf.UnknownFieldSetLite,99.89%
android.support.test.uiautomator.v18.BuildConfig,androidx.test.janktesthelper.v21.BuildConfig,100.0%
android.support.test.espresso.remote.internal.deps.protobuf.Android,androidx.glance.appwidget.proto.Android,98.85000000000001%
android.support.constraint.solver.widgets.analyzer.HorizontalWidgetRun,androidx.constraintlayout.solver.widgets.analyzer.HorizontalWidgetRun,100.0%
android.support.test.espresso.remote.internal.deps.guava.base.Absent,androidx.test.espresso.web.internal.deps.guava.base.Absent,100.0%
android.support.test.espresso.remote.internal.deps.guava.base.Supplier,androidx.core.util.Supplier,100.0%
android.support.test.internal.runner.junit3.NonExecutingTestResult,androidx.test.internal.runner.junit3.NonExecutingTestResult,100.0%
android.support.test.espresso.core.internal.deps.guava.collect.ImmutableMap,androidx.test.espresso.core.internal.deps.guava.collect.ImmutableMap,97.65%
android.support.test.espresso.core.internal.deps.aidl.BaseStub,androidx.test.espresso.remote.internal.deps.aidl.BaseStub,99.25%
android.support.test.espresso.remote.internal.deps.protobuf.ArrayDecoders,androidx.test.espresso.remote.internal.deps.protobuf.ArrayDecoders,98.52%
android.support.test.espresso.web.internal.deps.guava.cache.LongAddables,androidx.test.espresso.remote.internal.deps.guava.cache.LongAddables,100.0%
android.support.test.runner.internal.deps.aidl.Codecs,androidx.test.runner.internal.deps.aidl.Codecs,99.26%
android.support.test.jank.internal.MetricsHelper,androidx.test.jank.internal.MetricsHelper,100.0%
android.support.test.espresso.web.internal.deps.guava.collect.Lists,androidx.test.espresso.web.internal.deps.guava.collect.Lists,99.96000000000001%
android.support.test.espresso.core.internal.deps.guava.util.concurrent.AbstractListeningExecutorService,androidx.test.espresso.web.internal.deps.guava.util.concurrent.AbstractListeningExecutorService,100.0%
android.support.test.espresso.web.internal.deps.guava.util.concurrent.TrustedListenableFutureTask,androidx.test.espresso.core.internal.deps.guava.util.concurrent.TrustedListenableFutureTask,98.85000000000001%
android.support.test.espresso.remote.internal.deps.protobuf.LazyStringArrayList,androidx.test.espresso.remote.internal.deps.protobuf.LazyStringArrayList,99.96000000000001%
android.support.wearable.complications.rendering.utils.IconLayoutHelper,androidx.wear.watchface.complications.rendering.utils.IconLayoutHelper,100.0%
android.support.media2.AudioFocusHandler,androidx.media2.AudioFocusHandler,95.09%
android.support.test.services.shellexecutor.ShellCommand,androidx.test.services.shellexecutor.ShellCommand,97.03%
android.support.constraint.motion.utils.LinearCurveFit,androidx.constraintlayout.core.motion.utils.LinearCurveFit,99.78%
android.support.wearable.complications.rendering.utils.RangedValueLayoutHelper,androidx.wear.watchface.complications.rendering.utils.RangedValueLayoutHelper,100.0%
android.support.test.espresso.core.internal.deps.guava.base.PatternCompiler,com.google.common.base.PatternCompiler,100.0%
android.support.test.espresso.remote.internal.deps.protobuf.MessageSchema,androidx.wear.tiles.protobuf.MessageSchema,99.98%
